name,model,total_risk_cap_pct,base_risk_pct,month,equity_end,return_pct,intramonth_mdd_pct,worst_underwater_pct,underwater_end_pct
binance_cap4_risk200,binance_cap4,4,2.0,2021-01,101354.77826072746,1.3547782607274517,-2.946670905614568,-2.946670905614568,-1.7799256629532856
binance_cap4_risk200,binance_cap4,4,2.0,2021-02,104064.84054552436,2.6738377127376145,-7.655691604955328,-7.655691604955328,-7.655691604955328
binance_cap4_risk200,binance_cap4,4,2.0,2021-03,106458.62026046788,2.3002771179919668,-7.163725645704466,-8.662974517614897,-5.53151660917619
binance_cap4_risk200,binance_cap4,4,2.0,2021-04,101827.18543197542,-4.350455432506006,-5.647200045705092,-9.64132587685832,-9.64132587685832
binance_cap4_risk200,binance_cap4,4,2.0,2021-05,115762.26131499837,13.68502509806886,-8.464064985919473,-10.218407512902738,-8.464064985919473
binance_cap4_risk200,binance_cap4,4,2.0,2021-06,112993.0419517356,-2.3921607368462605,-10.48483563718251,-14.881360008931466,-10.653751683431413
binance_cap4_risk200,binance_cap4,4,2.0,2021-07,117406.79708120073,3.9062185186150122,-8.545250751393896,-16.557695267542627,-7.163691986001863
binance_cap4_risk200,binance_cap4,4,2.0,2021-08,113374.2318895692,-3.4346948318865422,-6.95331841667125,-11.142778793338815,-10.352335859472927
binance_cap4_risk200,binance_cap4,4,2.0,2021-09,133939.1974746089,18.139012050878335,-6.9635001619069214,-10.9556733754539,-6.9635001619069214
binance_cap4_risk200,binance_cap4,4,2.0,2021-10,125081.01999802398,-6.6135811200930705,-10.165351328837446,-13.116544549994469,-13.116544549994469
binance_cap4_risk200,binance_cap4,4,2.0,2021-11,119084.3788753792,-4.794205485963832,-10.308426859975873,-18.930497197083195,-17.28191593757358
binance_cap4_risk200,binance_cap4,4,2.0,2021-12,118434.31556351684,-0.5458846223169611,-9.887441220306247,-24.385461120493936,-17.733461238345583
binance_cap4_risk200,binance_cap4,4,2.0,2022-01,130531.89848620792,10.214592675383095,-6.772173543915516,-21.222065508518895,-9.330269395706436
binance_cap4_risk200,binance_cap4,4,2.0,2022-02,133706.6340009161,2.432153022767536,-1.5819875424371022,-9.817492653514591,-7.125042802078918
binance_cap4_risk200,binance_cap4,4,2.0,2022-03,127160.1646274267,-4.896144026364868,-6.158851091768769,-12.233847371081996,-11.67233447091387
binance_cap4_risk200,binance_cap4,4,2.0,2022-04,128576.35197925956,1.1137036162089275,-10.224210898236086,-16.600400604837017,-10.688626065803518
binance_cap4_risk200,binance_cap4,4,2.0,2022-05,121948.39825992256,-5.15487771842068,-5.15487771842068,-15.29251818075279,-15.29251818075279
binance_cap4_risk200,binance_cap4,4,2.0,2022-06,142934.47281763417,17.208979254472535,-7.700208553497944,-18.32782788724099,-5.941298299847054
binance_cap4_risk200,binance_cap4,4,2.0,2022-07,144749.66006568552,1.2699436407949571,-5.442931026437936,-10.86667867752733,-4.7468057989916606
binance_cap4_risk200,binance_cap4,4,2.0,2022-08,151368.3846024316,4.57253200715122,-3.0902375332954923,-7.2439674860581675,-3.0902375332954923
binance_cap4_risk200,binance_cap4,4,2.0,2022-09,138865.02878490352,-8.260216194001192,-9.433988006402005,-11.095193426138316,-11.095193426138316
binance_cap4_risk200,binance_cap4,4,2.0,2022-10,129979.10825350932,-6.398962077887981,-10.882362241036425,-17.258512829514927,-16.784178284219387
binance_cap4_risk200,binance_cap4,4,2.0,2022-11,128866.68902606762,-0.8558446371797368,-9.186394697350087,-18.83097916987063,-17.496376431658945
binance_cap4_risk200,binance_cap4,4,2.0,2022-12,132219.02085041808,2.601395170223042,-11.509070138694478,-26.99177633510378,-15.35013115289312
binance_cap4_risk200,binance_cap4,4,2.0,2023-01,129421.75779990524,-2.115628320737173,-2.5877572234892954,-17.141007751689386,-17.141007751689386
binance_cap4_risk200,binance_cap4,4,2.0,2023-02,131512.40168701188,1.6153728110685384,-3.939263114068814,-18.13363439149418,-15.802526119384797
binance_cap4_risk200,binance_cap4,4,2.0,2023-03,139109.8613361002,5.7769910302220895,-14.725160283491457,-27.38061057720418,-10.938445605628067
binance_cap4_risk200,binance_cap4,4,2.0,2023-04,148676.90956701135,6.877332878505582,-5.016287402532116,-14.14161513244082,-4.813386043155798
binance_cap4_risk200,binance_cap4,4,2.0,2023-05,152567.88086223564,2.6170649541720215,-9.390222928605162,-10.634171808346549,-6.781313347902296
binance_cap4_risk200,binance_cap4,4,2.0,2023-06,170110.68406427687,11.498359355126553,-9.674797564742265,-9.974859330565023,-7.870840276248082
binance_cap4_risk200,binance_cap4,4,2.0,2023-07,159607.66273157598,-6.174227909595775,-8.178120586565708,-15.40527405384623,-13.559104568788038
binance_cap4_risk200,binance_cap4,4,2.0,2023-08,169297.85936268224,6.071260279904589,-14.184294081648051,-23.62543506587167,-10.320806524738813
binance_cap4_risk200,binance_cap4,4,2.0,2023-09,170774.9038290772,0.8724531260792423,-8.802166592162376,-13.574084284595756,-9.538397597821247
binance_cap4_risk200,binance_cap4,4,2.0,2023-10,173995.08885048504,1.8856312896131433,-5.273254873771305,-9.69856977294552,-7.832625317840325
binance_cap4_risk200,binance_cap4,4,2.0,2023-11,161370.51764989545,-7.255705482261032,-8.764556326167828,-14.520018575509852,-14.520018575509852
binance_cap4_risk200,binance_cap4,4,2.0,2023-12,161370.51764989545,0.0,0.0,-14.520018575509852,-14.520018575509852
binance_cap4_risk200,binance_cap4,4,2.0,2024-01,182171.78203847515,12.890374705068176,-8.039997655659414,-15.298512855822521,-6.210659033872156
binance_cap4_risk200,binance_cap4,4,2.0,2024-02,206116.13048852305,13.14382951196622,-9.512092434776577,-11.824592745341022,-2.7420357001491924
binance_cap4_risk200,binance_cap4,4,2.0,2024-03,202993.9293242111,-1.5147776920282352,-3.1337154005957712,-4.841242754519648,-4.215277647084125
binance_cap4_risk200,binance_cap4,4,2.0,2024-04,220870.79082185152,8.806599072767574,-7.36779547932116,-7.376336143234019,-4.492887525588429
binance_cap4_risk200,binance_cap4,4,2.0,2024-05,203206.67679311175,-7.997487564114881,-13.900463341167058,-13.900463341167058,-13.900463341167058
binance_cap4_risk200,binance_cap4,4,2.0,2024-06,214259.8362625814,5.439368254972776,-5.269245036051052,-18.437258902625565,-9.21719247646785
binance_cap4_risk200,binance_cap4,4,2.0,2024-07,285569.5969054237,33.281907559870525,-6.422516894757113,-10.112150014609878,-4.603337712751776
binance_cap4_risk200,binance_cap4,4,2.0,2024-08,282986.8717056014,-0.9044118238811127,-7.166246783573326,-10.047487824914402,-5.46611640606558
binance_cap4_risk200,binance_cap4,4,2.0,2024-09,285552.98301586875,0.9067951791547957,-6.223076865985533,-6.223076865985533,-5.590685164361087
binance_cap4_risk200,binance_cap4,4,2.0,2024-10,302551.5705345381,5.952866378469857,-6.470987795125827,-6.470987795125827,-5.369806282483847
binance_cap4_risk200,binance_cap4,4,2.0,2024-11,302551.5705345381,0.0,0.0,-6.470987795125827,-5.369806282483847
binance_cap4_risk200,binance_cap4,4,2.0,2024-12,289965.1996211829,-4.160074558898508,-5.0688980048611,-9.306492896362617,-9.306492896362617
binance_cap4_risk200,binance_cap4,4,2.0,2025-01,330792.1377885338,14.079944152156232,-5.7817860787900965,-10.70553462192667,-3.731907042364524
binance_cap4_risk200,binance_cap4,4,2.0,2025-02,359825.3627661049,8.776878789099651,-10.059938829776327,-10.059938829776327,-2.4972478862269054
binance_cap4_risk200,binance_cap4,4,2.0,2025-03,398125.7795473899,10.64416818393681,-8.887298632934693,-8.887298632934693,-2.3157178258152555
binance_cap4_risk200,binance_cap4,4,2.0,2025-04,420820.154870258,5.7003028913797715,-5.653742808909268,-5.653742808909268,-2.0462717502647942
binance_cap4_risk200,binance_cap4,4,2.0,2025-05,428777.898826008,1.8910082760184022,-2.6281531339354403,-3.659143452576763,-1.514474566110935
binance_cap4_risk200,binance_cap4,4,2.0,2025-06,456716.3963102429,6.515843647895636,-9.422410827122285,-9.422410827122285,-5.834005561973243
binance_cap4_risk200,binance_cap4,4,2.0,2025-07,473417.3022514197,3.6567344803255297,-7.2184719555346,-11.118742820606109,-7.189530083802131
binance_cap4_risk200,binance_cap4,4,2.0,2025-08,469172.9193404352,-0.8965415693088508,-3.153562860435788,-8.021614527271737,-8.021614527271737
binance_cap4_risk200,binance_cap4,4,2.0,2025-09,517676.2513134084,10.338050209965077,-5.289656713935608,-10.70470604704903,-4.9598289135163505
binance_cap4_risk200,binance_cap4,4,2.0,2025-10,507853.50157219096,-1.8974696475443698,-5.72829202266446,-9.351508954265352,-6.763187312856611
binance_cap4_risk200,binance_cap4,4,2.0,2025-11,578987.0728653707,14.006710807933276,-4.274485783342219,-8.076492932229284,0.0
binance_cap4_risk200,binance_cap4,4,2.0,2025-12,550908.4461956478,-4.849612018237903,-19.7933967913942,-19.7933967913942,-17.512498802802945
binance_cap4_risk200,binance_cap4,4,2.0,2026-01,519379.2920523631,-5.723120485992251,-9.59842277885331,-22.23335788220283,-22.23335788220283
binance_cap4_risk200,binance_cap4,4,2.0,2026-02,521776.83574234345,0.4616171123238866,-8.223901753442696,-25.992306825917133,-21.874373754507403
binance_cap4_risk200,binance_cap4,4,2.0,2026-03,482340.0679648059,-7.558167606545818,-9.163818547256252,-27.779239529805288,-27.779239529805288
binance_cap4_risk200,binance_cap4,4,2.0,2026-04,430584.6235979526,-10.730073614914703,-12.904273370925445,-35.52858029350839,-35.52858029350839
binance_cap4_risk200,binance_cap4,4,2.0,2026-05,485506.4330697801,12.75517202934524,-5.956037714819306,-36.013713667739566,-27.305139800184207
binance_cap4_risk200,binance_cap4,4,2.0,2026-06,617270.8208741043,27.139576085778906,-7.410047921340013,-29.239095688507135,-7.576062905804603
binance_cap4_risk200,binance_cap4,4,2.0,2026-07,597832.9926341802,-3.148995154573897,-4.865546055073922,-10.486488206567234,-10.486488206567234
binance_cap4_risk200,binance_cap4,4,2.0,2026-08,542491.9687242192,-9.256937069685057,-9.362642498759078,-18.772697662150417,-18.772697662150417
binance_cap6_risk200,binance_cap6,6,2.0,2021-01,101354.77826072746,1.3547782607274517,-2.946670905614568,-2.946670905614568,-1.7799256629532856
binance_cap6_risk200,binance_cap6,6,2.0,2021-02,104064.84054552436,2.6738377127376145,-7.655691604955328,-7.655691604955328,-7.655691604955328
binance_cap6_risk200,binance_cap6,6,2.0,2021-03,106458.62026046788,2.3002771179919668,-7.163725645704466,-8.662974517614897,-5.53151660917619
binance_cap6_risk200,binance_cap6,6,2.0,2021-04,101827.18543197542,-4.350455432506006,-5.647200045705092,-9.64132587685832,-9.64132587685832
binance_cap6_risk200,binance_cap6,6,2.0,2021-05,115762.26131499837,13.68502509806886,-8.464064985919473,-10.218407512902738,-8.464064985919473
binance_cap6_risk200,binance_cap6,6,2.0,2021-06,107527.31997608687,-7.11366661757199,-14.953386790891477,-17.630385919725466,-14.975626238098505
binance_cap6_risk200,binance_cap6,6,2.0,2021-07,118208.9634858805,9.93388797578989,-12.548569458227487,-20.808936383725396,-6.529400196474311
binance_cap6_risk200,binance_cap6,6,2.0,2021-08,114148.84632620437,-3.4346948318864867,-6.953318416671217,-10.53567358787194,-9.739830057259313
binance_cap6_risk200,binance_cap6,6,2.0,2021-09,138450.03966698158,21.289039813272794,-7.730383812203689,-10.34728979697891,-7.730383812203689
binance_cap6_risk200,binance_cap6,6,2.0,2021-10,129281.97608131004,-6.621929186675413,-10.173381892997678,-13.840412456976747,-13.840412456976747
binance_cap6_risk200,binance_cap6,6,2.0,2021-11,123083.93249165732,-4.794205485963909,-10.308426859975961,-19.605926264793496,-17.971080129648254
binance_cap6_risk200,binance_cap6,6,2.0,2021-12,126182.70910704896,2.5176126182039793,-13.756409364995514,-28.234170665993062,-15.905909692415843
binance_cap6_risk200,binance_cap6,6,2.0,2022-01,146115.5273037156,15.796790493502822,-9.677998768528461,-19.472013322876624,-4.3864428696660624
binance_cap6_risk200,binance_cap6,6,2.0,2022-02,149669.28051776564,2.432153022767536,-1.5819875424371133,-4.900232295146701,-2.0609748497450786
binance_cap6_risk200,binance_cap6,6,2.0,2022-03,139234.47509885873,-6.971908585922748,-8.681713002730406,-9.468440841415493,-8.889194153164738
binance_cap6_risk200,binance_cap6,6,2.0,2022-04,139308.90676341372,0.05345778371494969,-11.171467550889291,-14.874596381549965,-8.8404883356342
binance_cap6_risk200,binance_cap6,6,2.0,2022-05,132127.70296889107,-5.15487771842068,-5.15487771842068,-13.539649690641687,-13.539649690641687
binance_cap6_risk200,binance_cap6,6,2.0,2022-06,160964.13394703812,21.82466684139395,-10.356568865574634,-17.415525796495814,-7.4219357192121365
binance_cap6_risk200,binance_cap6,6,2.0,2022-07,166425.15790703823,3.3926961404936007,-5.9779253165475055,-12.028731937122483,-4.8330480964577704
binance_cap6_risk200,binance_cap6,6,2.0,2022-08,183605.7721481891,10.323327588937993,-5.53419631809744,-7.56074016590238,-5.53419631809744
binance_cap6_risk200,binance_cap6,6,2.0,2022-09,166726.93902169686,-9.192975214782063,-12.769017545439876,-14.218414237019417,-14.218414237019417
binance_cap6_risk200,binance_cap6,6,2.0,2022-10,147658.6112918008,-11.436860678774064,-16.23941842431018,-24.02913468877459,-24.02913468877459
binance_cap6_risk200,binance_cap6,6,2.0,2022-11,147356.13375855613,-0.20484923337584782,-14.562026970872177,-26.02353655535189,-24.184760423953634
binance_cap6_risk200,binance_cap6,6,2.0,2022-12,155127.47605206864,5.273850565491833,-13.391150663860774,-34.337293381749,-20.18637798284333
binance_cap6_risk200,binance_cap6,6,2.0,2023-01,151845.5552354663,-2.115628320737162,-2.5877572234892954,-21.874937574044406,-21.874937574044406
binance_cap6_risk200,binance_cap6,6,2.0,2023-02,154299.2381231616,1.615906954859736,-3.939263114068814,-22.810853110743402,-20.61250925681488
binance_cap6_risk200,binance_cap6,6,2.0,2023-03,159254.82092904765,3.211670301269076,-18.492490209054125,-34.55386280515328,-18.062844793693255
binance_cap6_risk200,binance_cap6,6,2.0,2023-04,170207.30508940617,6.877332878505538,-5.016287402532116,-21.009779646282777,-12.427753878977798
binance_cap6_risk200,binance_cap6,6,2.0,2023-05,174614.91778947605,2.589555540964983,-11.400132905226556,-17.782911106002786,-10.160021927203388
binance_cap6_risk200,binance_cap6,6,2.0,2023-06,193419.98127403329,10.769448408313842,-12.034315980806321,-13.239067315487407,-10.277482532937299
binance_cap6_risk200,binance_cap6,6,2.0,2023-07,181477.7908074769,-6.174227909595819,-8.178120586565718,-17.615098204696178,-15.817155247580672
binance_cap6_risk200,binance_cap6,6,2.0,2023-08,192205.30554457149,5.911199761338848,-14.313789162164026,-25.732766126439333,-10.840939129487415
binance_cap6_risk200,binance_cap6,6,2.0,2023-09,195377.20425557627,1.6502659497446892,-9.266801191925545,-14.075348122023513,-9.369577506829208
binance_cap6_risk200,binance_cap6,6,2.0,2023-10,199061.2979517908,1.8856312896131433,-5.273254873771338,-9.530048596415098,-7.660621902389398
binance_cap6_risk200,binance_cap6,6,2.0,2023-11,184617.99644324277,-7.255705482261021,-8.764556326167838,-14.36049522130346,-14.36049522130346
binance_cap6_risk200,binance_cap6,6,2.0,2023-12,184617.99644324277,0.0,0.0,-14.36049522130346,-14.36049522130346
binance_cap6_risk200,binance_cap6,6,2.0,2024-01,215829.0746042413,16.905761497955464,-12.099299969119304,-15.140442333223703,-8.71021867533699
binance_cap6_risk200,binance_cap6,6,2.0,2024-02,239331.99399636764,10.88959837094372,-12.539503550605247,-15.884487887167321,-2.7420357001492035
binance_cap6_risk200,binance_cap6,6,2.0,2024-03,235706.64634142432,-1.5147776920282352,-3.1337154005957935,-4.841242754519659,-4.215277647084125
binance_cap6_risk200,binance_cap6,6,2.0,2024-04,245333.50705237983,4.084255094364586,-10.614786962073264,-10.614786962073264,-9.303543054089703
binance_cap6_risk200,binance_cap6,6,2.0,2024-05,216033.90794002803,-11.942762920719263,-17.71227929748891,-20.13520588463199,-20.13520588463199
binance_cap6_risk200,binance_cap6,6,2.0,2024-06,226505.0434525369,4.846987036597827,-6.207694302173616,-25.092968158374372,-16.264169667054553
binance_cap6_risk200,binance_cap6,6,2.0,2024-07,310987.7949908983,37.29839753262023,-6.539028523723656,-17.08966572378843,-4.722114368761588
binance_cap6_risk200,binance_cap6,6,2.0,2024-08,305001.45086249727,-1.924945037980097,-9.59043883099514,-12.141520292153363,-6.556161300512464
binance_cap6_risk200,binance_cap6,6,2.0,2024-09,307993.8713445898,0.9811168024382866,-6.223076865985567,-6.838707179368686,-5.6393680981884575
binance_cap6_risk200,binance_cap6,6,2.0,2024-10,326328.33495960967,5.952866378469879,-6.470987795125804,-6.470987795125804,-5.369806282483836
binance_cap6_risk200,binance_cap6,6,2.0,2024-11,326328.33495960967,0.0,0.0,-6.470987795125804,-5.369806282483836
binance_cap6_risk200,binance_cap6,6,2.0,2024-12,312749.7068953266,-4.1610324969064365,-5.069959334091778,-9.307399394955196,-9.307399394955196
binance_cap6_risk200,binance_cap6,6,2.0,2025-01,378670.2997581407,21.07774728782619,-7.941491664755507,-11.495359980515197,-5.938600732023158
binance_cap6_risk200,binance_cap6,6,2.0,2025-02,402670.3619433824,6.337983781820422,-12.076492058590095,-12.076492058590095,-4.033821079595901
binance_cap6_risk200,binance_cap6,6,2.0,2025-03,463608.3938717547,15.133478320646931,-8.889117939131397,-8.889117939131397,-3.143127554089653
binance_cap6_risk200,binance_cap6,6,2.0,2025-04,488934.18415832886,5.4627549072331805,-5.6537428089092785,-5.6537428089092785,-2.046271750264772
binance_cap6_risk200,binance_cap6,6,2.0,2025-05,498179.9700450459,1.8910082760184022,-2.628153133935429,-3.659143452576741,-1.514474566110946
binance_cap6_risk200,binance_cap6,6,2.0,2025-06,553336.5380993618,11.071614952590059,-10.247749989287392,-10.247749989287392,-7.286304070553562
binance_cap6_risk200,binance_cap6,6,2.0,2025-07,560719.4702324512,1.334257115651316,-9.031168562673397,-14.450248810974175,-7.189530083802131
binance_cap6_risk200,binance_cap6,6,2.0,2025-08,555692.3870946091,-0.8965415693088175,-3.1535628604357657,-8.021614527271703,-8.021614527271703
binance_cap6_risk200,binance_cap6,6,2.0,2025-09,613140.1450854032,10.338050209965077,-5.289656713935587,-10.70470604704904,-4.95982891351634
binance_cap6_risk200,binance_cap6,6,2.0,2025-10,601505.9969354983,-1.8974696475443475,-5.72829202266445,-9.351508954265352,-6.763187312856589
binance_cap6_risk200,binance_cap6,6,2.0,2025-11,693571.8178485353,15.30588579034724,-6.657578453813107,-8.77058019447886,0.0
binance_cap6_risk200,binance_cap6,6,2.0,2025-12,642149.7522288028,-7.414093868352967,-24.217942255157965,-24.217942255157965,-22.062868530966483
binance_cap6_risk200,binance_cap6,6,2.0,2026-01,591992.0608740117,-7.810902547373322,-11.600385425642212,-28.150461918230917,-28.150461918230917
binance_cap6_risk200,binance_cap6,6,2.0,2026-02,579223.3932177651,-2.1568984620156995,-11.479147774579168,-33.72435429381155,-29.700183500081977
binance_cap6_risk200,binance_cap6,6,2.0,2026-03,526310.0970425894,-9.135213942452491,-12.342741162625293,-36.122222138501,-36.122222138501
binance_cap6_risk200,binance_cap6,6,2.0,2026-04,469836.636187191,-10.730073614914627,-12.904273370925345,-42.97635472661149,-42.97635472661149
binance_cap6_risk200,binance_cap6,6,2.0,2026-05,518166.0751616736,10.286434741804019,-8.80924844921247,-43.40544522234403,-37.11065466816657
binance_cap6_risk200,binance_cap6,6,2.0,2026-06,690015.9832731341,33.16502495031952,-8.43026111611519,-38.221139199556745,-16.253387597771397
binance_cap6_risk200,binance_cap6,6,2.0,2026-07,668282.1642803451,-3.149755878073035,-4.866293295794932,-18.891201444597627,-18.891201444597627
binance_cap6_risk200,binance_cap6,6,2.0,2026-08,606402.512430563,-9.259509703722024,-9.36521213596767,-26.40147851740746,-26.40147851740746
binance_slip5_cap4_risk200,binance_slip5_cap4,4,2.0,2021-01,101323.39862738876,1.32339862738875,-2.9644686751059024,-2.9644686751059024,-1.7886093065905384
binance_slip5_cap4_risk200,binance_slip5_cap4,4,2.0,2021-02,103964.9471987983,2.6070469478858493,-7.69407793054696,-7.69407793054696,-7.69407793054696
binance_slip5_cap4_risk200,binance_slip5_cap4,4,2.0,2021-03,106202.608387306,2.152322728764444,-7.269619034892594,-8.715805335982518,-5.707356589850521
binance_slip5_cap4_risk200,binance_slip5_cap4,4,2.0,2021-04,101540.07104420674,-4.3902286524787115,-5.664685369110877,-9.847019238022481,-9.847019238022481
binance_slip5_cap4_risk200,binance_slip5_cap4,4,2.0,2021-05,115371.1277710296,13.621279347737847,-8.48482786460204,-10.4382040333872,-8.48482786460204
binance_slip5_cap4_risk200,binance_slip5_cap4,4,2.0,2021-06,112333.33218610474,-2.633063959428217,-10.606363587036682,-15.060372432239799,-10.894480879507896
binance_slip5_cap4_risk200,binance_slip5_cap4,4,2.0,2021-07,116425.77069465994,3.6431203712315563,-8.604242746679692,-16.89155482136131,-7.648259560537618
binance_slip5_cap4_risk200,binance_slip5_cap4,4,2.0,2021-08,112320.77772448603,-3.525845648846704,-7.01066399646828,-11.690143965267108,-10.904439382456598
binance_slip5_cap4_risk200,binance_slip5_cap4,4,2.0,2021-09,132473.0621449407,17.94172443311122,-7.012976971146445,-11.504160160488375,-7.012976971146445
binance_slip5_cap4_risk200,binance_slip5_cap4,4,2.0,2021-10,123536.88267656352,-6.745657814265638,-10.283685772779272,-13.285563356345298,-13.285563356345298
binance_slip5_cap4_risk200,binance_slip5_cap4,4,2.0,2021-11,117384.40645915396,-4.980274784428207,-10.412735352966763,-19.22208750681743,-17.604180578968208
binance_slip5_cap4_risk200,binance_slip5_cap4,4,2.0,2021-12,116382.53484863912,-0.8534963380025018,-9.970773079689454,-24.80147744258323,-18.30742588039387
binance_slip5_cap4_risk200,binance_slip5_cap4,4,2.0,2022-01,127835.14804082012,9.840491279104423,-6.793513922418337,-21.825408171688522,-10.268475248478104
binance_slip5_cap4_risk200,binance_slip5_cap4,4,2.0,2022-02,130898.0266234603,2.3959596633487346,-1.5932512593910486,-10.758813432485104,-8.11854411012385
binance_slip5_cap4_risk200,binance_slip5_cap4,4,2.0,2022-03,124279.65482330452,-5.056128018792916,-6.213038691484329,-13.27150500745422,-12.764188145446731
binance_slip5_cap4_risk200,binance_slip5_cap4,4,2.0,2022-04,125430.38799572791,0.9259224078627115,-10.329610936980881,-17.786019828590092,-11.95645221580448
binance_slip5_cap4_risk200,binance_slip5_cap4,4,2.0,2022-05,118903.95106910428,-5.203234264766776,-5.203234264766776,-16.53756426202805,-16.53756426202805
binance_slip5_cap4_risk200,binance_slip5_cap4,4,2.0,2022-06,138966.5774642521,16.872968656430842,-7.8015605921573865,-19.627562051803515,-5.962515296169313
binance_slip5_cap4_risk200,binance_slip5_cap4,4,2.0,2022-07,140558.9893937914,1.1458956236789497,-5.462870393845165,-10.97445807828067,-4.88494387433035
binance_slip5_cap4_risk200,binance_slip5_cap4,4,2.0,2022-08,146839.93316419795,4.468546478240398,-3.114272789699868,-7.447918770855599,-3.114272789699868
binance_slip5_cap4_risk200,binance_slip5_cap4,4,2.0,2022-09,134271.6284710034,-8.5591871518632,-9.63123894350353,-11.406903505073107,-11.406903505073107
binance_slip5_cap4_risk200,binance_slip5_cap4,4,2.0,2022-10,124737.41862667016,-7.100688323291027,-11.189029596596178,-17.84150404707744,-17.697623163130327
binance_slip5_cap4_risk200,binance_slip5_cap4,4,2.0,2022-11,123318.94760822512,-1.1371656028015265,-9.342150627894231,-19.76535500700105,-18.633537482807306
binance_slip5_cap4_risk200,binance_slip5_cap4,4,2.0,2022-12,125722.69056495304,1.9492081333392752,-11.770773981850368,-28.210999882733056,-17.047535777611735
binance_slip5_cap4_risk200,binance_slip5_cap4,4,2.0,2023-01,123026.24724882696,-2.144754701008411,-2.589070235576274,-18.82666265362373,-18.82666265362373
binance_slip5_cap4_risk200,binance_slip5_cap4,4,2.0,2023-02,124911.0847580016,1.5320612888097385,-3.939752019790077,-19.809541236048457,-17.583037375304944
binance_slip5_cap4_risk200,binance_slip5_cap4,4,2.0,2023-03,131563.96271733512,5.3260909327803585,-14.954477028479262,-29.10722736352671,-13.193435001878084
binance_slip5_cap4_risk200,binance_slip5_cap4,4,2.0,2023-04,140375.0034780937,6.69715367246051,-5.102131471566606,-16.423494099310776,-7.37986594616954
binance_slip5_cap4_risk200,binance_slip5_cap4,4,2.0,2023-05,142986.33752661265,1.8602557320160251,-9.77642391909983,-13.169611855807295,-7.292816887971576
binance_slip5_cap4_risk200,binance_slip5_cap4,4,2.0,2023-06,158567.18578793647,10.896739178611314,-9.902312524012324,-10.633595007700869,-8.110267697523577
binance_slip5_cap4_risk200,binance_slip5_cap4,4,2.0,2023-07,148374.26140098923,-6.428142327365882,-8.427514099597511,-15.854287843397197,-14.017070474162264
binance_slip5_cap4_risk200,binance_slip5_cap4,4,2.0,2023-08,155874.10703619453,5.054681023777152,-14.814685910037184,-24.586709611950752,-10.406435789758905
binance_slip5_cap4_risk200,binance_slip5_cap4,4,2.0,2023-09,156212.61119689967,0.21716510018341406,-9.13600739007212,-13.737504094254248,-10.21186983628385
binance_slip5_cap4_risk200,binance_slip5_cap4,4,2.0,2023-10,158782.69298056836,1.6452460297390559,-5.3646693986357015,-10.40581187063686,-8.734634189588375
binance_slip5_cap4_risk200,binance_slip5_cap4,4,2.0,2023-11,147101.44677829175,-7.356750274859081,-8.812240396311655,-15.448799239696974,-15.448799239696974
binance_slip5_cap4_risk200,binance_slip5_cap4,4,2.0,2023-12,147101.44677829175,0.0,0.0,-15.448799239696974,-15.448799239696974
binance_slip5_cap4_risk200,binance_slip5_cap4,4,2.0,2024-01,165630.47718751023,12.59608985161449,-8.111210667099634,-16.242208830230396,-6.291368944334764
binance_slip5_cap4_risk200,binance_slip5_cap4,4,2.0,2024-02,186831.4473755095,12.800162474927657,-9.680074163767793,-12.140625098455882,-2.779771327020897
binance_slip5_cap4_risk200,binance_slip5_cap4,4,2.0,2024-03,183931.04799447992,-1.552414982473549,-3.158525289036951,-4.9146762570073665,-4.28903272293526
binance_slip5_cap4_risk200,binance_slip5_cap4,4,2.0,2024-04,199543.0992709455,8.487991259058191,-7.48306457247816,-7.48306457247816,-4.623937873700301
binance_slip5_cap4_risk200,binance_slip5_cap4,4,2.0,2024-05,182953.3432647185,-8.313871071883538,-14.199020873119384,-14.199020873119384,-14.199020873119384
binance_slip5_cap4_risk200,binance_slip5_cap4,4,2.0,2024-06,183676.7569018113,0.3954088098002684,-5.84917830913656,-19.217673133235667,-13.859756242756816
binance_slip5_cap4_risk200,binance_slip5_cap4,4,2.0,2024-07,244495.22245562705,33.111683034738945,-6.467526631876108,-14.762147422311333,-4.648962407394864
binance_slip5_cap4_risk200,binance_slip5_cap4,4,2.0,2024-08,241780.87969439497,-1.1101823315687542,-7.26815698940494,-10.188746936951109,-5.707532779715441
binance_slip5_cap4_risk200,binance_slip5_cap4,4,2.0,2024-09,243127.87420074092,0.5571137420165462,-6.431828230224179,-6.431828230224179,-5.831112768762548
binance_slip5_cap4_risk200,binance_slip5_cap4,4,2.0,2024-10,257393.888929938,5.867700187029246,-6.474353624250407,-6.576999956094676,-5.3966896492634415
binance_slip5_cap4_risk200,binance_slip5_cap4,4,2.0,2024-11,257393.888929938,0.0,0.0,-6.576999956094676,-5.3966896492634415
binance_slip5_cap4_risk200,binance_slip5_cap4,4,2.0,2024-12,246582.87820208204,-4.200181586594964,-5.071146421279604,-9.370200470924361,-9.370200470924361
binance_slip5_cap4_risk200,binance_slip5_cap4,4,2.0,2025-01,281208.40935737215,14.04214737363616,-5.8300935760544625,-10.825415560254047,-3.8200680318944746
binance_slip5_cap4_risk200,binance_slip5_cap4,4,2.0,2025-02,305182.4433191352,8.525361676256216,-10.246216326041536,-10.246216326041536,-2.5076418347599327
binance_slip5_cap4_risk200,binance_slip5_cap4,4,2.0,2025-03,336719.8649321732,10.333956721114102,-8.994504898186396,-8.994504898186396,-2.345838459551408
binance_slip5_cap4_risk200,binance_slip5_cap4,4,2.0,2025-04,355290.54532082466,5.5151722017921845,-5.752005374118674,-5.752005374118674,-2.0810973436966695
binance_slip5_cap4_risk200,binance_slip5_cap4,4,2.0,2025-05,361612.1716363132,1.7792835747374447,-2.6905180707167187,-3.795835710610407,-1.5190324324311
binance_slip5_cap4_risk200,binance_slip5_cap4,4,2.0,2025-06,384088.7937021902,6.215670773516613,-9.555859383013733,-9.555859383013733,-5.870813158721056
binance_slip5_cap4_risk200,binance_slip5_cap4,4,2.0,2025-07,397085.3627222825,3.3837407477629755,-7.237360594697384,-11.33014507259128,-7.237360594697384
binance_slip5_cap4_risk200,binance_slip5_cap4,4,2.0,2025-08,393289.5126210949,-0.9559279836366952,-3.18362584631553,-8.124104623132677,-8.124104623132677
binance_slip5_cap4_risk200,binance_slip5_cap4,4,2.0,2025-09,433364.31621010456,10.189644600978397,-5.291466797354416,-10.857275859864245,-5.010211320967317
binance_slip5_cap4_risk200,binance_slip5_cap4,4,2.0,2025-10,424573.74905345065,-2.0284473889151666,-5.774838280848737,-9.469224373739227,-6.937029209163182
binance_slip5_cap4_risk200,binance_slip5_cap4,4,2.0,2025-11,483186.71845823387,13.805132685535938,-4.288310976940823,-8.29343782404216,0.0
binance_slip5_cap4_risk200,binance_slip5_cap4,4,2.0,2025-12,456997.9411593821,-5.42001182946743,-20.17321314462922,-20.17321314462922,-17.944664458809655
binance_slip5_cap4_risk200,binance_slip5_cap4,4,2.0,2026-01,429721.73096780153,-5.96856303605704,-9.784996061826845,-22.84218888503371,-22.84218888503371
binance_slip5_cap4_risk200,binance_slip5_cap4,4,2.0,2026-02,430277.2052864264,0.1292637254750595,-8.349582070213168,-26.70684633136492,-22.742451823891496
binance_slip5_cap4_risk200,binance_slip5_cap4,4,2.0,2026-03,396595.1009131266,-7.828001102423809,-9.353202441226527,-28.79017354682287,-28.79017354682287
binance_slip5_cap4_risk200,binance_slip5_cap4,4,2.0,2026-04,352532.3552362155,-11.110259702013547,-13.241633740626302,-36.701770199124006,-36.701770199124006
binance_slip5_cap4_risk200,binance_slip5_cap4,4,2.0,2026-05,396470.141081923,12.463476101723137,-5.9976083168788215,-37.20434337926191,-28.812610455078026
binance_slip5_cap4_risk200,binance_slip5_cap4,4,2.0,2026-06,502121.2789251194,26.647943160331366,-7.511860151782734,-30.765188987023063,-9.842635351823548
binance_slip5_cap4_risk200,binance_slip5_cap4,4,2.0,2026-07,484813.9369158246,-3.4468449627038766,-5.110741528918239,-12.950219933705787,-12.950219933705787
binance_slip5_cap4_risk200,binance_slip5_cap4,4,2.0,2026-08,437618.8057031087,-9.73468945900169,-9.811095949824466,-21.424245697903476,-21.424245697903476
binance_slip5_cap6_risk200,binance_slip5_cap6,6,2.0,2021-01,101323.39862738876,1.32339862738875,-2.9644686751059024,-2.9644686751059024,-1.7886093065905384
binance_slip5_cap6_risk200,binance_slip5_cap6,6,2.0,2021-02,103964.9471987983,2.6070469478858493,-7.69407793054696,-7.69407793054696,-7.69407793054696
binance_slip5_cap6_risk200,binance_slip5_cap6,6,2.0,2021-03,106202.608387306,2.152322728764444,-7.269619034892594,-8.715805335982518,-5.707356589850521
binance_slip5_cap6_risk200,binance_slip5_cap6,6,2.0,2021-04,101540.07104420674,-4.3902286524787115,-5.664685369110877,-9.847019238022481,-9.847019238022481
binance_slip5_cap6_risk200,binance_slip5_cap6,6,2.0,2021-05,115371.1277710296,13.621279347737847,-8.48482786460204,-10.4382040333872,-8.48482786460204
binance_slip5_cap6_risk200,binance_slip5_cap6,6,2.0,2021-06,106809.72647848808,-7.420748551173773,-15.10002683242847,-17.858373990431286,-15.275938674943756
binance_slip5_cap6_risk200,binance_slip5_cap6,6,2.0,2021-07,116968.56832264196,9.511157999454213,-12.650060583106992,-21.247099836258386,-7.217699338763184
binance_slip5_cap6_risk200,binance_slip5_cap6,6,2.0,2021-08,112844.43714591984,-3.5258456488466705,-7.010663996468303,-11.278427726696528,-10.489060049527243
binance_slip5_cap6_risk200,binance_slip5_cap6,6,2.0,2021-09,136609.2933600784,21.059838495563632,-7.788242376705512,-11.091576832376749,-7.788242376705512
binance_slip5_cap6_risk200,binance_slip5_cap6,6,2.0,2021-10,127345.6742711786,-6.781104609393218,-10.3177877323822,-14.041218123301235,-14.041218123301235
binance_slip5_cap6_risk200,binance_slip5_cap6,6,2.0,2021-11,121003.50976639098,-4.98027478442824,-10.412735352966774,-19.926009679443236,-18.322201662108128
binance_slip5_cap6_risk200,binance_slip5_cap6,6,2.0,2021-12,123583.44664999594,2.1321173977397523,-13.869126407362087,-28.68355780376565,-16.580735113655145
binance_slip5_cap6_risk200,binance_slip5_cap6,6,2.0,2022-01,142484.36203655292,15.294051022939016,-9.74346858582501,-20.173075051350242,-4.416019959037831
binance_slip5_cap6_risk200,binance_slip5_cap6,6,2.0,2022-02,145898.22987752844,2.39595966334869,-1.5932512593910597,-4.938338902388384,-2.125866352633121
binance_slip5_cap6_risk200,binance_slip5_cap6,6,2.0,2022-03,135464.65344713134,-7.1512700593800105,-8.735417604812955,-9.65362565679121,-9.125109968034838
binance_slip5_cap6_risk200,binance_slip5_cap6,6,2.0,2022-04,135266.25511467623,-0.14645763851049987,-11.278159560147593,-15.266428128586229,-9.25820318597468
binance_slip5_cap6_risk200,binance_slip5_cap6,6,2.0,2022-05,128228.03497988252,-5.203234264766799,-5.203234264766799,-13.979711450267107,-13.979711450267107
binance_slip5_cap6_risk200,binance_slip5_cap6,6,2.0,2022-06,155702.81709084078,21.426501712569124,-10.483173635166876,-17.949316839067166,-7.448272860093219
binance_slip5_cap6_risk200,binance_slip5_cap6,6,2.0,2022-07,160708.23145124406,3.214723056348423,-5.978318719759079,-12.147924467778958,-4.869484397976532
binance_slip5_cap6_risk200,binance_slip5_cap6,6,2.0,2022-08,177039.55378756535,10.162094491890361,-5.573368337209816,-7.683109607956795,-5.573368337209816
binance_slip5_cap6_risk200,binance_slip5_cap6,6,2.0,2022-09,160049.54508674605,-9.596730412688503,-13.033328667542055,-14.63523761567015,-14.63523761567015
binance_slip5_cap6_risk200,binance_slip5_cap6,6,2.0,2022-10,140403.874162963,-12.274743369707908,-16.945055804805442,-25.113543126507597,-25.113543126507597
binance_slip5_cap6_risk200,binance_slip5_cap6,6,2.0,2022-11,139592.34986403273,-0.5779928109308163,-14.745874162091965,-27.141496320801608,-25.54638146359719
binance_slip5_cap6_risk200,binance_slip5_cap6,6,2.0,2022-12,145867.79134059255,4.49554827515426,-13.696364347451695,-35.74382032820475,-22.199283099694
binance_slip5_cap6_risk200,binance_slip5_cap6,6,2.0,2023-01,142739.28502855805,-2.144754701008411,-2.589070235576274,-23.86791763283156,-23.86791763283156
binance_slip5_cap6_risk200,binance_slip5_cap6,6,2.0,2023-02,144927.18935739275,1.5327975955581996,-3.939752019790088,-24.789754724175783,-22.70096690485921
binance_slip5_cap6_risk200,binance_slip5_cap6,6,2.0,2023-03,148749.28703163867,2.637253707322351,-18.78073848212751,-36.500628273627434,-20.66239528883329
binance_slip5_cap6_risk200,binance_slip5_cap6,6,2.0,2023-04,158711.2553708368,6.697153672460443,-5.102131471566651,-23.614535508543298,-15.349033981277227
binance_slip5_cap6_risk200,binance_slip5_cap6,6,2.0,2023-05,161470.6999969177,1.7386571731370593,-11.819518493627745,-20.640621920125778,-13.877243888462898
binance_slip5_cap6_risk200,binance_slip5_cap6,6,2.0,2023-06,177768.6691318447,10.093452951673655,-12.293039653544602,-16.982929934570468,-10.54854643802442
binance_slip5_cap6_risk200,binance_slip5_cap6,6,2.0,2023-07,166341.44606658563,-6.42814232736586,-8.427514099597499,-18.087080299254822,-16.29861318688579
binance_slip5_cap6_risk200,binance_slip5_cap6,6,2.0,2023-08,174475.23546635098,4.8898152517619975,-14.94837002991588,-26.702996912528366,-12.205770008561833
binance_slip5_cap6_risk200,binance_slip5_cap6,6,2.0,2023-09,175967.61073586653,0.8553507697104612,-9.672419185033931,-15.469939476759276,-11.454821386568703
binance_slip5_cap6_risk200,binance_slip5_cap6,6,2.0,2023-10,178862.71086512506,1.6452460297390559,-5.36466939863568,-11.646078650097058,-9.998035350905866
binance_slip5_cap6_risk200,binance_slip5_cap6,6,2.0,2023-11,165704.2278919346,-7.35675027485907,-8.812240396311655,-16.619255132606657,-16.619255132606657
binance_slip5_cap6_risk200,binance_slip5_cap6,6,2.0,2023-12,165704.2278919346,0.0,0.0,-16.619255132606657,-16.619255132606657
binance_slip5_cap6_risk200,binance_slip5_cap6,6,2.0,2024-01,192943.56910683648,16.438531207946163,-12.197478805759033,-17.401681426363925,-8.822942535108991
binance_slip5_cap6_risk200,binance_slip5_cap6,6,2.0,2024-02,213218.38797645608,10.508159957584828,-12.720879705475364,-16.251177391984683,-2.7797713270208635
binance_slip5_cap6_risk200,binance_slip5_cap6,6,2.0,2024-03,209908.35377612105,-1.5524149824735267,-3.158525289036951,-4.914676257007333,-4.289032722935215
binance_slip5_cap6_risk200,binance_slip5_cap6,6,2.0,2024-04,217728.49885655244,3.7255044593279996,-10.751377188675981,-10.751377188675981,-9.453589440852085
binance_slip5_cap6_risk200,binance_slip5_cap6,6,2.0,2024-05,190896.1736315948,-12.323754293017819,-18.072884249549194,-20.612306599308617,-20.612306599308617
binance_slip5_cap6_risk200,binance_slip5_cap6,6,2.0,2024-06,190474.24566852945,-0.2210248403824111,-6.817011625367231,-26.02417488754464,-20.787773121930762
binance_slip5_cap6_risk200,binance_slip5_cap6,6,2.0,2024-07,261175.22463907895,37.11839294724708,-6.585325836373124,-21.61772046756878,-4.76905199737252
binance_slip5_cap6_risk200,binance_slip5_cap6,6,2.0,2024-08,255551.17113470964,-2.153364091919996,-9.705204318447901,-12.361365403749168,-6.819721036056103
binance_slip5_cap6_risk200,binance_slip5_cap6,6,2.0,2024-09,257158.31706207767,0.6288939785452419,-6.43182823022419,-7.136247500373427,-6.233715872460211
binance_slip5_cap6_risk200,binance_slip5_cap6,6,2.0,2024-10,272247.5961132905,5.867700187029268,-6.474353624250384,-6.97641414564607,-5.3966896492634415
binance_slip5_cap6_risk200,binance_slip5_cap6,6,2.0,2024-11,272247.5961132905,0.0,0.0,-6.97641414564607,-5.3966896492634415
binance_slip5_cap6_risk200,binance_slip5_cap6,6,2.0,2024-12,260808.94048812837,-4.20156349898575,-5.072664082495326,-9.3715078057922,-9.3715078057922
binance_slip5_cap6_risk200,binance_slip5_cap6,6,2.0,2025-01,314866.9769354721,20.727064166653598,-7.988180805095202,-11.631274186037487,-6.024218919928015
binance_slip5_cap6_risk200,binance_slip5_cap6,6,2.0,2025-02,333946.1467026833,6.059438164301745,-12.2856102707374,-12.2856102707374,-4.269144791758395
binance_slip5_cap6_risk200,binance_slip5_cap6,6,2.0,2025-03,383273.3731299848,14.771012306729258,-8.997130317065594,-8.997130317065594,-3.1720445308796363
binance_slip5_cap6_risk200,binance_slip5_cap6,6,2.0,2025-04,403488.7498101351,5.274401536183526,-5.752005374118707,-5.752005374118707,-2.0810973436966695
binance_slip5_cap6_risk200,binance_slip5_cap6,6,2.0,2025-05,410667.9588614203,1.7792835747374447,-2.6905180707167076,-3.795835710610407,-1.5190324324310778
binance_slip5_cap6_risk200,binance_slip5_cap6,6,2.0,2025-06,454667.2893583468,10.714088973221813,-10.402590038762227,-10.402590038762227,-7.3315915946578825
binance_slip5_cap6_risk200,binance_slip5_cap6,6,2.0,2025-07,459367.94057241257,1.0338661531379634,-9.119863316007926,-14.690356966547435,-7.237360594697384
binance_slip5_cap6_risk200,binance_slip5_cap6,6,2.0,2025-08,454976.71388062526,-0.9559279836367063,-3.18362584631553,-8.124104623132677,-8.124104623132677
binance_slip5_cap6_risk200,binance_slip5_cap6,6,2.0,2025-09,501337.2240422712,10.189644600978376,-5.291466797354428,-10.857275859864258,-5.010211320967306
binance_slip5_cap6_risk200,binance_slip5_cap6,6,2.0,2025-10,491167.862211526,-2.0284473889151555,-5.774838280848716,-9.469224373739216,-6.93702920916317
binance_slip5_cap6_risk200,binance_slip5_cap6,6,2.0,2025-11,565063.3260978715,15.044849138464556,-6.680354933580945,-9.0085062689645,0.0
binance_slip5_cap6_risk200,binance_slip5_cap6,6,2.0,2025-12,519046.9364230152,-8.143581002262046,-24.70430733101282,-24.70430733101282,-22.602254579605397
binance_slip5_cap6_risk200,binance_slip5_cap6,6,2.0,2026-01,477118.6613550777,-8.077935178056151,-11.80875558568153,-28.854394283941797,-28.854394283941797
binance_slip5_cap6_risk200,binance_slip5_cap6,6,2.0,2026-02,464929.5681742107,-2.5547299169243143,-11.7383769267568,-34.62172570684634,-30.671972357746945
binance_slip5_cap6_risk200,binance_slip5_cap6,6,2.0,2026-03,420954.54591847176,-9.45842666630774,-12.46915047978796,-37.22931301148701,-37.22931301148701
binance_slip5_cap6_risk200,binance_slip5_cap6,6,2.0,2026-04,374185.4026394979,-11.110259702013503,-13.241633740626234,-44.2032993526488,-44.2032993526488
binance_slip5_cap6_risk200,binance_slip5_cap6,6,2.0,2026-05,411300.9656166495,9.919030169359623,-8.885565937410933,-44.64631214105941,-38.66880778193076
binance_slip5_cap6_risk200,binance_slip5_cap6,6,2.0,2026-06,545083.7494435445,32.52673711240115,-8.505920159210445,-39.80214640271193,-18.71977212125794
binance_slip5_cap6_risk200,binance_slip5_cap6,6,2.0,2026-07,526289.3269637325,-3.447988038351646,-5.111864905990171,-21.52230465606192,-21.52230465606192
binance_slip5_cap6_risk200,binance_slip5_cap6,6,2.0,2026-08,475037.1456444399,-9.738404085634144,-9.81480743215284,-29.164779745747506,-29.164779745747506
zero_fee_cap4_risk200,zero_fee_cap4,4,2.0,2021-01,101430.8936351292,1.4308936351292045,-2.9082082990941838,-2.9082082990941838,-1.7652133130733882
zero_fee_cap4_risk200,zero_fee_cap4,4,2.0,2021-02,104281.8967773015,2.81078381545965,-7.568708562594084,-7.568708562594084,-7.568708562594084
zero_fee_cap4_risk200,zero_fee_cap4,4,2.0,2021-03,107022.4256841422,2.6280006324522542,-6.940429493473543,-8.552142058835855,-5.1396136390352565
zero_fee_cap4_risk200,zero_fee_cap4,4,2.0,2021-04,102511.2399143606,-4.215178025487454,-5.5500376006175856,-9.138147799815144,-9.138147799815144
zero_fee_cap4_risk200,zero_fee_cap4,4,2.0,2021-05,116690.00893118726,13.831428659600453,-8.426759402684713,-9.69255402123479,-8.426759402684713
zero_fee_cap4_risk200,zero_fee_cap4,4,2.0,2021-06,114582.28460558156,-1.806259460352455,-10.26132728845367,-14.507613757317184,-10.08080972412504
zero_fee_cap4_risk200,zero_fee_cap4,4,2.0,2021-07,119783.930469403,4.539659757812209,-8.40668124791365,-15.775484733824996,-5.998784428620551
zero_fee_cap4_risk200,zero_fee_cap4,4,2.0,2021-08,115918.1184879966,-3.2273210323432,-6.804424780478069,-9.834365108154962,-9.03250542941395
zero_fee_cap4_risk200,zero_fee_cap4,4,2.0,2021-09,137517.68689165544,18.633470492272952,-6.847836435643673,-9.644557237342433,-6.847836435643673
zero_fee_cap4_risk200,zero_fee_cap4,4,2.0,2021-10,128878.95732437416,-6.281904359027923,-9.86088496877916,-12.699566259121797,-12.699566259121797
zero_fee_cap4_risk200,zero_fee_cap4,4,2.0,2021-11,123198.66662669774,-4.407461711053228,-10.10979502599454,-18.2940405186091,-16.547299449834398
zero_fee_cap4_risk200,zero_fee_cap4,4,2.0,2021-12,123382.6879215878,0.14936955076605418,-9.67258931986612,-23.40696316140376,-16.42264652592048
zero_fee_cap4_risk200,zero_fee_cap4,4,2.0,2022-01,137112.23321410132,11.127610788669905,-6.7178030372051385,-19.784052375830264,-7.122483923854029
zero_fee_cap4_risk200,zero_fee_cap4,4,2.0,2022-02,140540.1771074055,2.5001006933870196,-1.563225724802264,-7.6074959913191575,-4.800452500433661
zero_fee_cap4_risk200,zero_fee_cap4,4,2.0,2022-03,134165.87056422018,-4.535575999960395,-5.9764757173915495,-9.777944411081673,-9.11830032889489
zero_fee_cap4_risk200,zero_fee_cap4,4,2.0,2022-04,136311.55813369135,1.5992797277338155,-9.92808883210563,-13.789066057360566,-7.664847729834978
zero_fee_cap4_risk200,zero_fee_cap4,4,2.0,2022-05,129480.20557693296,-5.01157249633839,-5.01157249633839,-12.292290825458728,-12.292290825458728
zero_fee_cap4_risk200,zero_fee_cap4,4,2.0,2022-06,152782.25467542149,17.996611138096476,-7.486518424980348,-15.232373901372942,-5.873992430258612
zero_fee_cap4_risk200,zero_fee_cap4,4,2.0,2022-07,155225.6040280996,1.5992363497114859,-5.372054114132208,-10.590345824185587,-4.368695102671127
zero_fee_cap4_risk200,zero_fee_cap4,4,2.0,2022-08,162719.710770269,4.827880547859098,-3.049002504133913,-6.724019047621599,-3.049002504133913
zero_fee_cap4_risk200,zero_fee_cap4,4,2.0,2022-09,150336.3385932719,-7.610247165741457,-9.024816897227716,-10.42721304322114,-10.42721304322114
zero_fee_cap4_risk200,zero_fee_cap4,4,2.0,2022-10,143242.4891763192,-4.718652511649079,-10.111487607460967,-16.205667236698385,-14.653841604711271
zero_fee_cap4_risk200,zero_fee_cap4,4,2.0,2022-11,142978.3606025189,-0.18439261654773498,-8.837065105719933,-16.6363510143243,-14.811213619299313
zero_fee_cap4_risk200,zero_fee_cap4,4,2.0,2022-12,149383.34721098383,4.479689500896478,-10.775815214243911,-23.990999822940605,-10.99502049986194
zero_fee_cap4_risk200,zero_fee_cap4,4,2.0,2023-01,146366.6454714449,-2.0194364337533854,-2.538188713555134,-12.792419483742457,-12.792419483742457
zero_fee_cap4_risk200,zero_fee_cap4,4,2.0,2023-02,148934.487387536,1.7543900851318295,-3.9384487849927208,-13.818443054120678,-11.262458337681869
zero_fee_cap4_risk200,zero_fee_cap4,4,2.0,2023-03,159288.76349524056,6.952235368267745,-14.148862344758651,-22.947997406100896,-8.538768478135662
zero_fee_cap4_risk200,zero_fee_cap4,4,2.0,2023-04,170815.80674777634,7.23657023860329,-4.843558052646424,-11.590165824435129,-3.261148147596349
zero_fee_cap4_risk200,zero_fee_cap4,4,2.0,2023-05,178205.872237584,4.326335852934093,-8.577107581672848,-8.859440829659615,-5.711091769733967
zero_fee_cap4_risk200,zero_fee_cap4,4,2.0,2023-06,201041.2132241992,12.814022736675668,-9.287994805219524,-9.287994805219524,-7.450439390015284
zero_fee_cap4_risk200,zero_fee_cap4,4,2.0,2023-07,189811.05927374712,-5.585995911160923,-7.600936152351457,-14.485072401262045,-12.620254061486435
zero_fee_cap4_risk200,zero_fee_cap4,4,2.0,2023-08,206753.0639315418,8.925720515241832,-12.55476928212138,-21.303649039824435,-10.106591958513622
zero_fee_cap4_risk200,zero_fee_cap4,4,2.0,2023-09,211789.23477214453,2.435838552927194,-8.073081988460507,-13.167935766043259,-8.073081988460507
zero_fee_cap4_risk200,zero_fee_cap4,4,2.0,2023-10,217073.37745556852,2.495000602419184,-5.0054674740276806,-8.176172206484832,-5.779504830287207
zero_fee_cap4_risk200,zero_fee_cap4,4,2.0,2023-11,202056.65484730428,-6.917809445028755,-8.563776600110696,-12.297499144290459,-12.297499144290459
zero_fee_cap4_risk200,zero_fee_cap4,4,2.0,2023-12,202056.65484730428,0.0,0.0,-12.297499144290459,-12.297499144290459
zero_fee_cap4_risk200,zero_fee_cap4,4,2.0,2024-01,229698.6469693646,13.680317603470971,-7.8627201643940765,-13.055813857511833,-5.997343196681692
zero_fee_cap4_risk200,zero_fee_cap4,4,2.0,2024-02,261424.2944133594,13.811856474812467,-9.157248367296,-11.148479758843798,-2.67917839945806
zero_fee_cap4_risk200,zero_fee_cap4,4,2.0,2024-03,257684.789468878,-1.4304351295555406,-3.0711194895719496,-4.6979279868760715,-4.071289620004281
zero_fee_cap4_risk200,zero_fee_cap4,4,2.0,2024-04,282179.7350962873,9.50577862119706,-7.175591362493828,-7.175591362493828,-4.236421516013323
zero_fee_cap4_risk200,zero_fee_cap4,4,2.0,2024-05,261660.4005799912,-7.271725061792377,-13.227051863915129,-13.227051863915129,-13.227051863915129
zero_fee_cap4_risk200,zero_fee_cap4,4,2.0,2024-06,277498.8571502379,6.053058290493896,-4.883450635481301,-17.455015203573375,-7.9746347328578775
zero_fee_cap4_risk200,zero_fee_cap4,4,2.0,2024-07,370872.3423424711,33.64824134813673,-6.344415207432752,-8.786817040873485,-4.524151649023778
zero_fee_cap4_risk200,zero_fee_cap4,4,2.0,2024-08,369460.5935466304,-0.3806562621855192,-6.918791647193679,-9.678298112345129,-4.887586444646508
zero_fee_cap4_risk200,zero_fee_cap4,4,2.0,2024-09,375447.4686172951,1.6204367056290803,-5.8079476622914905,-5.8079476622914905,-5.122001134977228
zero_fee_cap4_risk200,zero_fee_cap4,4,2.0,2024-10,398398.8295184204,6.113068490154161,-6.464333384578236,-6.464333384578236,-5.324183861525866
zero_fee_cap4_risk200,zero_fee_cap4,4,2.0,2024-11,398398.8295184204,0.0,0.0,-6.464333384578236,-5.324183861525866
zero_fee_cap4_risk200,zero_fee_cap4,4,2.0,2024-12,382356.1060386697,-4.026799852585638,-4.999449965408543,-9.1365894862242,-9.1365894862242
zero_fee_cap4_risk200,zero_fee_cap4,4,2.0,2025-01,438645.8320801071,14.72180649202044,-5.676740601912577,-10.442636235488422,-3.513675908695124
zero_fee_cap4_risk200,zero_fee_cap4,4,2.0,2025-02,479838.6528545239,9.39090668639797,-9.857730385154184,-9.857730385154184,-2.479469260848466
zero_fee_cap4_risk200,zero_fee_cap4,4,2.0,2025-03,534822.6563824693,11.458852512370509,-8.565366788550843,-8.565366788550843,-2.264348538276062
zero_fee_cap4_risk200,zero_fee_cap4,4,2.0,2025-04,567590.3682129323,6.126836894327381,-5.410400398461446,-5.410400398461446,-1.9882619833612947
zero_fee_cap4_risk200,zero_fee_cap4,4,2.0,2025-05,579473.3289651662,2.093580408992435,-2.524261679948936,-3.431106494128655,-1.50664743579223
zero_fee_cap4_risk200,zero_fee_cap4,4,2.0,2025-06,621139.6924707226,7.190385031173885,-9.112152422723574,-9.112152422723574,-5.770119958411469
zero_fee_cap4_risk200,zero_fee_cap4,4,2.0,2025-07,647731.6461913002,4.281155115816571,-7.211030217407899,-10.61886566668717,-7.109924742605422
zero_fee_cap4_risk200,zero_fee_cap4,4,2.0,2025-08,642565.569650197,-0.7975643264429011,-3.10351057620869,-7.850782845664373,-7.850782845664373
zero_fee_cap4_risk200,zero_fee_cap4,4,2.0,2025-09,710585.1573847494,10.585625957453825,-5.28664322014728,-10.450122582026268,-4.87591095425457
zero_fee_cap4_risk200,zero_fee_cap4,4,2.0,2025-10,699383.706080762,-1.5763700082356724,-5.574032200944112,-9.081325934364093,-6.375418564579094
zero_fee_cap4_risk200,zero_fee_cap4,4,2.0,2025-11,800984.7554712897,14.52722568558029,-4.173349079982557,-7.617735318817386,0.0
zero_fee_cap4_risk200,zero_fee_cap4,4,2.0,2025-12,773120.723961877,-3.4787218257378516,-18.88749382728292,-18.88749382728292,-16.481638641512063
zero_fee_cap4_risk200,zero_fee_cap4,4,2.0,2026-01,734309.7376588269,-5.020042161612526,-9.088270895311057,-20.674295594396064,-20.674295594396064
zero_fee_cap4_risk200,zero_fee_cap4,4,2.0,2026-02,743173.9228303273,1.2071452572264274,-7.919337997561248,-24.276609259434025,-19.716719115902347
zero_fee_cap4_risk200,zero_fee_cap4,4,2.0,2026-03,691099.966743946,-7.006967613726434,-8.794350268592343,-25.3421426066881,-25.3421426066881
zero_fee_cap4_risk200,zero_fee_cap4,4,2.0,2026-04,623111.2239326055,-9.837758078858439,-12.090393435320724,-32.68680200390125,-32.68680200390125
zero_fee_cap4_risk200,zero_fee_cap4,4,2.0,2026-05,706495.5622984228,13.381934903941971,-5.9303116494462405,-33.14677650849194,-23.67899366630174
zero_fee_cap4_risk200,zero_fee_cap4,4,2.0,2026-06,907085.5852484746,28.392255189470372,-7.196341780799564,-25.54309866380555,-6.408127322335244
zero_fee_cap4_risk200,zero_fee_cap4,4,2.0,2026-07,883613.1999100932,-2.5876704161219455,-4.426618109290759,-8.829976523509696,-8.829976523509696
zero_fee_cap4_risk200,zero_fee_cap4,4,2.0,2026-08,812506.3415389358,-8.047283401650462,-8.20317064595988,-16.16668669001413,-16.16668669001413
zero_fee_cap6_risk200,zero_fee_cap6,6,2.0,2021-01,101430.8936351292,1.4308936351292045,-2.9082082990941838,-2.9082082990941838,-1.7652133130733882
zero_fee_cap6_risk200,zero_fee_cap6,6,2.0,2021-02,104281.8967773015,2.81078381545965,-7.568708562594084,-7.568708562594084,-7.568708562594084
zero_fee_cap6_risk200,zero_fee_cap6,6,2.0,2021-03,107022.4256841422,2.6280006324522542,-6.940429493473543,-8.552142058835855,-5.1396136390352565
zero_fee_cap6_risk200,zero_fee_cap6,6,2.0,2021-04,102511.2399143606,-4.215178025487454,-5.5500376006175856,-9.138147799815144,-9.138147799815144
zero_fee_cap6_risk200,zero_fee_cap6,6,2.0,2021-05,116690.00893118726,13.831428659600453,-8.426759402684713,-9.69255402123479,-8.426759402684713
zero_fee_cap6_risk200,zero_fee_cap6,6,2.0,2021-06,109264.89326349596,-6.363111748555895,-14.681563191936375,-17.141966843665692,-14.25366703366583
zero_fee_cap6_risk200,zero_fee_cap6,6,2.0,2021-07,121230.78239387146,10.951266022398753,-12.31989278746768,-19.77780930483226,-4.950379983297926
zero_fee_cap6_risk200,zero_fee_cap6,6,2.0,2021-08,117318.27585599983,-3.2273210323432,-6.8044247804780795,-8.82873925681512,-8.017936361259236
zero_fee_cap6_risk200,zero_fee_cap6,6,2.0,2021-09,142961.0319087627,21.85742661632497,-7.599920469869903,-8.636814440872609,-7.599920469869903
zero_fee_cap6_risk200,zero_fee_cap6,6,2.0,2021-10,134074.7643334478,-6.215866979042306,-9.797369476384931,-13.343386501992082,-13.343386501992082
zero_fee_cap6_risk200,zero_fee_cap6,6,2.0,2021-11,128165.47043126628,-4.4074617110531955,-10.109795025994528,-18.89660282469562,-17.16274356201214
zero_fee_cap6_risk200,zero_fee_cap6,6,2.0,2021-12,130905.08592102469,2.137561295206747,-13.444296534983003,-27.146235911846006,-15.392046430382544
zero_fee_cap6_risk200,zero_fee_cap6,6,2.0,2022-01,153162.5001361847,17.002711589516075,-9.569037729014074,-18.794902087519493,-4.298581002429225
zero_fee_cap6_risk200,zero_fee_cap6,6,2.0,2022-02,156991.7168640984,2.5001006933870418,-1.5632257248022863,-4.7983396636029685,-1.9059491624897174
zero_fee_cap6_risk200,zero_fee_cap6,6,2.0,2022-03,146724.84429764873,-6.539754307762169,-8.46235706133831,-8.986509016635125,-8.321059077794214
zero_fee_cap6_risk200,zero_fee_cap6,6,2.0,2022-04,147574.13665352363,0.5788333665919687,-10.85556502784849,-13.906282340992416,-7.790390777598343
zero_fee_cap6_risk200,zero_fee_cap6,6,2.0,2022-05,140178.3518092868,-5.01157249633839,-5.01157249633839,-12.41154219236934,-12.41154219236934
zero_fee_cap6_risk200,zero_fee_cap6,6,2.0,2022-06,172096.293595397,22.76952280729816,-10.079453516631565,-16.11687946724579,-7.345265973684912
zero_fee_cap6_risk200,zero_fee_cap6,6,2.0,2022-07,178727.86808627503,3.8534092468423875,-5.95552592032621,-11.732819586157472,-4.7685821079885615
zero_fee_cap6_risk200,zero_fee_cap6,6,2.0,2022-08,197837.6940271425,10.692135560886818,-5.4673315555348605,-7.317734657638775,-5.4673315555348605
zero_fee_cap6_risk200,zero_fee_cap6,6,2.0,2022-09,181283.3633947619,-8.367632221850219,-12.250020320644717,-13.377477580468755,-13.377477580468755
zero_fee_cap6_risk200,zero_fee_cap6,6,2.0,2022-10,164105.59145437978,-9.475647196028614,-14.549542408856919,-21.59989990140012,-21.585522197244323
zero_fee_cap6_risk200,zero_fee_cap6,6,2.0,2022-11,165228.89569464052,0.6845008937876429,-14.13537953688836,-23.497411088135813,-21.048774395825543
zero_fee_cap6_risk200,zero_fee_cap6,6,2.0,2022-12,177545.68849812978,7.454381845081093,-12.541435811906743,-30.95039167768676,-15.163448567918946
zero_fee_cap6_risk200,zero_fee_cap6,6,2.0,2023-01,173960.26617804024,-2.0194364337533854,-2.538188713555145,-16.876668796678317,-16.876668796678317
zero_fee_cap6_risk200,zero_fee_cap6,6,2.0,2023-02,177012.48884944365,1.754551621736189,-3.9384487849927208,-17.854639938155692,-15.418227041009292
zero_fee_cap6_risk200,zero_fee_cap6,6,2.0,2023-03,185434.0553369888,4.757611478311019,-17.70687509684219,-29.60021935541318,-11.394154902153385
zero_fee_cap6_risk200,zero_fee_cap6,6,2.0,2023-04,198853.12099774048,7.23657023860329,-4.8435580526464905,-14.350288731748318,-4.982130686139685
zero_fee_cap6_risk200,zero_fee_cap6,6,2.0,2023-05,207923.090201007,4.561139979980289,-10.469453880969404,-10.480829836059458,-5.4988785772918
zero_fee_cap6_risk200,zero_fee_cap6,6,2.0,2023-06,233307.9451380851,12.208771480136061,-11.592282660709174,-11.592282660709174,-9.801405263678543
zero_fee_cap6_risk200,zero_fee_cap6,6,2.0,2023-07,220275.3728622582,-5.585995911160879,-7.600936152351412,-16.657342859904535,-14.839895077574027
zero_fee_cap6_risk200,zero_fee_cap6,6,2.0,2023-08,239617.148744476,8.780725521373899,-12.67117081365814,-23.404806951625424,-10.106591958513633
zero_fee_cap6_risk200,zero_fee_cap6,6,2.0,2023-09,248093.7652085984,3.5375667011052325,-8.40691832467878,-13.167935766043282,-8.40691832467878
zero_fee_cap6_risk200,zero_fee_cap6,6,2.0,2023-10,254283.70614511732,2.4950006024191618,-5.00546747402767,-8.509634166389535,-6.121670385105238
zero_fee_cap6_risk200,zero_fee_cap6,6,2.0,2023-11,236692.8439042412,-6.917809445028766,-8.563776600110728,-12.615994338039672,-12.615994338039672
zero_fee_cap6_risk200,zero_fee_cap6,6,2.0,2023-12,236692.8439042412,0.0,0.0,-12.615994338039672,-12.615994338039672
zero_fee_cap6_risk200,zero_fee_cap6,6,2.0,2024-01,279339.8119002008,18.01785271261234,-11.877532311573912,-13.371555200582275,-8.459155736634038
zero_fee_cap6_risk200,zero_fee_cap6,6,2.0,2024-02,311796.8735936737,11.619203676226707,-12.164808658905457,-15.14233827679491,-2.679178399458071
zero_fee_cap6_risk200,zero_fee_cap6,6,2.0,2024-03,307336.8215809339,-1.4304351295555517,-3.0711194895719496,-4.6979279868760715,-4.071289620004304
zero_fee_cap6_risk200,zero_fee_cap6,6,2.0,2024-04,322502.2194525213,4.93445523174767,-10.347891034420332,-10.347891034420332,-8.926185236466122
zero_fee_cap6_risk200,zero_fee_cap6,6,2.0,2024-05,286870.196476561,-11.048613258057294,-16.876383811596707,-18.988578809048462,-18.988578809048462
zero_fee_cap6_risk200,zero_fee_cap6,6,2.0,2024-06,302832.203356495,5.5641914273371285,-5.77340611414513,-23.656863981624387,-14.480948255977566
zero_fee_cap6_risk200,zero_fee_cap6,6,2.0,2024-07,416962.31245933054,37.68757346076605,-6.4584779996100234,-15.2357082139863,-4.640431333492401
zero_fee_cap6_risk200,zero_fee_cap6,6,2.0,2024-08,411455.169978552,-1.3207770381683415,-9.345586496540847,-11.708565012692052,-5.899918620136013
zero_fee_cap6_risk200,zero_fee_cap6,6,2.0,2024-09,418446.107844016,1.6990764427212035,-5.807947662291513,-6.125876257179885,-5.122001134977239
zero_fee_cap6_risk200,zero_fee_cap6,6,2.0,2024-10,444026.0050109052,6.113068490154205,-6.464333384578236,-6.464333384578236,-5.324183861525855
zero_fee_cap6_risk200,zero_fee_cap6,6,2.0,2024-11,444026.0050109052,0.0,0.0,-6.464333384578236,-5.324183861525855
zero_fee_cap6_risk200,zero_fee_cap6,6,2.0,2024-12,426144.79069459386,-4.027064657141466,-4.999748366255597,-9.136840192098584,-9.136840192098584
zero_fee_cap6_risk200,zero_fee_cap6,6,2.0,2025-01,519566.1674787582,21.922449558022848,-7.8171853278467545,-11.206146948240425,-5.703206304950681
zero_fee_cap6_risk200,zero_fee_cap6,6,2.0,2025-02,556187.0638740695,7.048360476013582,-11.799776673544004,-11.799776673544004,-3.7012227820645616
zero_fee_cap6_risk200,zero_fee_cap6,6,2.0,2025-03,645557.4738764754,16.06840859978018,-8.565868850156866,-8.565868850156866,-3.0929188376188965
zero_fee_cap6_risk200,zero_fee_cap6,6,2.0,2025-04,683611.269763948,5.894718507240793,-5.410400398461446,-5.410400398461446,-1.9882619833612392
zero_fee_cap6_risk200,zero_fee_cap6,6,2.0,2025-05,697923.2213813906,2.093580408992457,-2.524261679948925,-3.4311064941286107,-1.50664743579223
zero_fee_cap6_risk200,zero_fee_cap6,6,2.0,2025-06,780784.6428811454,11.8725697843594,-9.902393110616215,-9.902393110616215,-7.206561169005554
zero_fee_cap6_risk200,zero_fee_cap6,6,2.0,2025-07,796862.0066105669,2.0591290922545635,-8.684033007506564,-13.856895713879801,-7.109924742605445
zero_fee_cap6_risk200,zero_fee_cap6,6,2.0,2025-08,790506.519514864,-0.79756432644289,-3.103510576208701,-7.850782845664384,-7.850782845664384
zero_fee_cap6_risk200,zero_fee_cap6,6,2.0,2025-09,874186.5828399943,10.585625957453848,-5.286643220147303,-10.450122582026278,-4.875910954254536
zero_fee_cap6_risk200,zero_fee_cap6,6,2.0,2025-10,860406.1677320844,-1.5763700082356724,-5.574032200944101,-9.081325934364049,-6.375418564579061
zero_fee_cap6_risk200,zero_fee_cap6,6,2.0,2025-11,997944.6470307078,15.9852967652657,-6.512920022911195,-8.27724655059665,0.0
zero_fee_cap6_risk200,zero_fee_cap6,6,2.0,2025-12,940665.7594069348,-5.7396858427169235,-23.106549437627443,-23.106549437627443,-20.825834471264805
zero_fee_cap6_risk200,zero_fee_cap6,6,2.0,2026-01,874556.6514009595,-7.027906282849649,-11.010133183137416,-26.390120624852575,-26.390120624852575
zero_fee_cap6_risk200,zero_fee_cap6,6,2.0,2026-02,863985.6079187925,-1.2087317002544173,-10.830653276404457,-31.50564677226686,-27.279866571379017
zero_fee_cap6_risk200,zero_fee_cap6,6,2.0,2026-03,790643.8489680479,-8.488770909901334,-12.060771654849978,-33.45291210350923,-33.45291210350923
zero_fee_cap6_risk200,zero_fee_cap6,6,2.0,2026-04,712862.2198411967,-9.837758078858405,-12.090393435320701,-39.99965361929125,-39.99965361929125
zero_fee_cap6_risk200,zero_fee_cap6,6,2.0,2026-05,791628.0790488902,11.049240234002022,-8.592036324372499,-40.40965686417254,-33.37007120645341
zero_fee_cap6_risk200,zero_fee_cap6,6,2.0,2026-06,1066816.230242599,34.762302964838824,-8.26051687220194,-34.455331125138265,-10.207973493984369
zero_fee_cap6_risk200,zero_fee_cap6,6,2.0,2026-07,1039208.4233606051,-2.587869034924206,-4.426812978571892,-12.531673543764477,-12.531673543764477
zero_fee_cap6_risk200,zero_fee_cap6,6,2.0,2026-08,955573.0480131542,-8.047988590872833,-8.203874639676467,-19.571114477589724,-19.571114477589724
zero_fee_slip5_cap4_risk200,zero_fee_slip5_cap4,4,2.0,2021-01,101399.4986268376,1.399498626837592,-2.9260159461456325,-2.9260159461456325,-1.7738869060507034
zero_fee_slip5_cap4_risk200,zero_fee_slip5_cap4,4,2.0,2021-02,104181.85213627534,2.7439519397202794,-7.6071029259461636,-7.6071029259461636,-7.6071029259461636
zero_fee_slip5_cap4_risk200,zero_fee_slip5_cap4,4,2.0,2021-03,106765.1979756712,2.479650521106791,-7.0465544220919885,-8.604997697969186,-5.316081972183717
zero_fee_slip5_cap4_risk200,zero_fee_slip5_cap4,4,2.0,2021-04,102222.39153857253,-4.254950604909524,-5.567504058070572,-9.344835915060322,-9.344835915060322
zero_fee_slip5_cap4_risk200,zero_fee_slip5_cap4,4,2.0,2021-05,116296.01317427172,13.767650535145881,-8.447501977837923,-9.913475963381668,-8.447501977837923
zero_fee_slip5_cap4_risk200,zero_fee_slip5_cap4,4,2.0,2021-06,113913.68704242856,-2.048501979404227,-10.383117820996713,-14.687360912792968,-10.32295671201593
zero_fee_slip5_cap4_risk200,zero_fee_slip5_cap4,4,2.0,2021-07,118783.52740669822,4.275026549229177,-8.465736026346725,-16.112347675276638,-6.48923930289087
zero_fee_slip5_cap4_risk200,zero_fee_slip5_cap4,4,2.0,2021-08,114841.5743018894,-3.3186024955397464,-6.861813820533513,-10.389544710621179,-9.592489740983334
zero_fee_slip5_cap4_risk200,zero_fee_slip5_cap4,4,2.0,2021-09,136013.07277930254,18.43539554914029,-6.8973165877395886,-10.200874160500694,-6.8973165877395886
zero_fee_slip5_cap4_risk200,zero_fee_slip5_cap4,4,2.0,2021-10,127288.59091757576,-6.414443614462928,-9.979619977082743,-12.869335718770959,-12.869335718770959
zero_fee_slip5_cap4_risk200,zero_fee_slip5_cap4,4,2.0,2021-11,121440.79732281574,-4.5941223424703415,-10.214245825579804,-18.587746745190216,-16.872225033657728
zero_fee_slip5_cap4_risk200,zero_fee_slip5_cap4,4,2.0,2021-12,121246.31020188249,-0.16014973980800207,-9.756051090645258,-23.828123862320215,-17.0053539489745
zero_fee_slip5_cap4_risk200,zero_fee_slip5_cap4,4,2.0,2022-01,134281.01276471876,10.750597309833765,-6.739131852353686,-20.397968587486346,-8.08293376330691
zero_fee_slip5_cap4_risk200,zero_fee_slip5_cap4,4,2.0,2022-02,137589.553417009,2.4638931328938796,-1.5744797960227763,-8.571289618627631,-5.818195480343514
zero_fee_slip5_cap4_risk200,zero_fee_slip5_cap4,4,2.0,2022-03,131128.25444704766,-4.6960679859017525,-6.030713181756909,-10.844018966083201,-10.241037050935676
zero_fee_slip5_cap4_risk200,zero_fee_slip5_cap4,4,2.0,2022-04,132978.07841955608,1.4106982360963416,-10.033701119846238,-15.013916954395013,-8.974808943874857
zero_fee_slip5_cap4_risk200,zero_fee_slip5_cap4,4,2.0,2022-05,126249.4164647209,-5.05997833237275,-5.05997833237275,-13.58066388831569,-13.58066388831569
zero_fee_slip5_cap4_risk200,zero_fee_slip5_cap4,4,2.0,2022-06,148543.23496763525,17.658551720232406,-7.58806394059548,-16.580584470175562,-5.895161451290032
zero_fee_slip5_cap4_risk200,zero_fee_slip5_cap4,4,2.0,2022-07,150733.88339681306,1.4747547605618694,-5.392062782596641,-10.698470381923498,-4.507345864873857
zero_fee_slip5_cap4_risk200,zero_fee_slip5_cap4,4,2.0,2022-08,157854.0239919839,4.723649676315178,-3.0730148596567197,-6.9290935814452,-3.0730148596567197
zero_fee_slip5_cap4_risk200,zero_fee_slip5_cap4,4,2.0,2022-09,145366.12226517333,-7.911044274325718,-9.222684914175183,-10.740951567878387,-10.740951567878387
zero_fee_slip5_cap4_risk200,zero_fee_slip5_cap4,4,2.0,2022-10,137469.72839631894,-5.432072993217762,-10.333552807995472,-16.724185241264212,-15.589568231762819
zero_fee_slip5_cap4_risk200,zero_fee_slip5_cap4,4,2.0,2022-11,136827.11780921344,-0.4674560680391293,-8.993249853960538,-17.594911419177496,-15.98414991712147
zero_fee_slip5_cap4_risk200,zero_fee_slip5_cap4,4,2.0,2022-12,142048.2547058068,3.8158641212288735,-11.03974048780274,-25.259281734892657,-12.778219237663468
zero_fee_slip5_cap4_risk200,zero_fee_slip5_cap4,4,2.0,2023-01,139138.2871091297,-2.0485768042020958,-2.53948709722287,-14.565024406572702,-14.565024406572702
zero_fee_slip5_cap4_risk200,zero_fee_slip5_cap4,4,2.0,2023-02,141463.21530889082,1.6709478376268905,-3.938937244327989,-15.581181246588649,-13.137450529317253
zero_fee_slip5_cap4_risk200,zero_fee_slip5_cap4,4,2.0,2023-03,150653.57386504443,6.496641926373625,-14.379522671311229,-24.778501326466483,-8.624098028945282
zero_fee_slip5_cap4_risk200,zero_fee_slip5_cap4,4,2.0,2023-04,161283.6315306868,7.055961165026714,-4.929481972643945,-11.786541924232974,-3.305031333201214
zero_fee_slip5_cap4_risk200,zero_fee_slip5_cap4,4,2.0,2023-05,167022.30181996015,3.558123186345452,-8.966157281082577,-9.032635637402153,-6.227510847031947
zero_fee_slip5_cap4_risk200,zero_fee_slip5_cap4,4,2.0,2023-06,187408.20990517197,12.205500620621667,-9.515973096950015,-9.515973096950015,-7.690425181965632
zero_fee_slip5_cap4_risk200,zero_fee_slip5_cap4,4,2.0,2023-07,176461.35897392486,-5.841180029832305,-7.851581093004734,-14.938186305411483,-13.082393631859768
zero_fee_slip5_cap4_risk200,zero_fee_slip5_cap4,4,2.0,2023-08,190370.8827928708,7.882475744166362,-13.196821516475431,-22.29314295982048,-10.192114418514242
zero_fee_slip5_cap4_risk200,zero_fee_slip5_cap4,4,2.0,2023-09,193742.706903235,1.7711868857764435,-8.409049368855337,-13.331770772075958,-8.601448926701838
zero_fee_slip5_cap4_risk200,zero_fee_slip5_cap4,4,2.0,2023-10,198108.8362863794,2.2535709616801514,-5.096899884396356,-8.739553810545198,-6.541717720317585
zero_fee_slip5_cap4_risk200,zero_fee_slip5_cap4,4,2.0,2023-11,184203.3061180882,-7.0191367679278365,-8.611545519159758,-13.101682374484557,-13.101682374484557
zero_fee_slip5_cap4_risk200,zero_fee_slip5_cap4,4,2.0,2023-12,184203.3061180882,0.0,0.0,-13.101682374484557,-13.101682374484557
zero_fee_slip5_cap4_risk200,zero_fee_slip5_cap4,4,2.0,2024-01,208857.05995865277,13.383990960922088,-7.934067411866518,-13.877078657329767,-6.078100493207383
zero_fee_slip5_cap4_risk200,zero_fee_slip5_cap4,4,2.0,2024-02,236983.10937802828,13.466650073951826,-9.325491962817656,-11.466455878105474,-2.716891972016533
zero_fee_slip5_cap4_risk200,zero_fee_slip5_cap4,4,2.0,2024-03,233504.0334931473,-1.4680691353961772,-3.0959190797671954,-4.771392078487835,-4.145075254929475
zero_fee_slip5_cap4_risk200,zero_fee_slip5_cap4,4,2.0,2024-04,254952.25450413636,9.18537495482643,-7.290926547427667,-7.290926547427667,-4.354608048046893
zero_fee_slip5_cap4_risk200,zero_fee_slip5_cap4,4,2.0,2024-05,235600.6894031227,-7.590270240461717,-13.527629915884631,-13.527629915884631,-13.527629915884631
zero_fee_slip5_cap4_risk200,zero_fee_slip5_cap4,4,2.0,2024-06,238382.3518632992,1.1806682175776517,-5.341289048905629,-18.146369149516627,-12.506678125315362
zero_fee_slip5_cap4_risk200,zero_fee_slip5_cap4,4,2.0,2024-07,318195.4966831072,33.48114665198747,-6.38971126562633,-13.333091455179613,-4.57006779860154
zero_fee_slip5_cap4_risk200,zero_fee_slip5_cap4,4,2.0,2024-08,316326.48825982714,-0.5873773962116857,-6.969164925692883,-9.815004974566843,-5.1306016495726965
zero_fee_slip5_cap4_risk200,zero_fee_slip5_cap4,4,2.0,2024-09,320339.60983274184,1.2686644090387889,-6.017381996760496,-6.017381996760496,-5.363345758180305
zero_fee_slip5_cap4_risk200,zero_fee_slip5_cap4,4,2.0,2024-10,339649.2501021886,6.027865326903803,-6.467693648961504,-6.467693648961504,-5.351029023491272
zero_fee_slip5_cap4_risk200,zero_fee_slip5_cap4,4,2.0,2024-11,339649.2501021886,0.0,0.0,-6.467693648961504,-5.351029023491272
zero_fee_slip5_cap4_risk200,zero_fee_slip5_cap4,4,2.0,2024-12,325835.8300907609,-4.066966144418616,-5.001684591921906,-9.200370629146482,-9.200370629146482
zero_fee_slip5_cap4_risk200,zero_fee_slip5_cap4,4,2.0,2025-01,372911.7305841134,14.447735990311328,-5.725049408118887,-10.562853567658703,-3.601934828217679
zero_fee_slip5_cap4_risk200,zero_fee_slip5_cap4,4,2.0,2025-02,406989.2789228655,9.138234478538521,-9.942245774585656,-9.942245774585656,-2.489848826435481
zero_fee_slip5_cap4_risk200,zero_fee_slip5_cap4,4,2.0,2025-03,452354.643305789,11.146574795038111,-8.672915499249378,-8.672915499249378,-2.2943724468795224
zero_fee_slip5_cap4_risk200,zero_fee_slip5_cap4,4,2.0,2025-04,479229.4521904623,5.941092742692633,-5.508836007665652,-5.508836007665652,-2.0230671040459502
zero_fee_slip5_cap4_risk200,zero_fee_slip5_cap4,4,2.0,2025-05,488726.63999533607,1.9817621311595035,-2.5865862673872697,-3.5679676380636405,-1.511199753364123
zero_fee_slip5_cap4_risk200,zero_fee_slip5_cap4,4,2.0,2025-06,522393.03600834816,6.888594412069171,-9.245963443185278,-9.245963443185278,-5.806845443474174
zero_fee_slip5_cap4_risk200,zero_fee_slip5_cap4,4,2.0,2025-07,543325.6696353623,4.007065979853475,-7.215492883426567,-10.831023599018508,-7.157676379059563
zero_fee_slip5_cap4_risk200,zero_fee_slip5_cap4,4,2.0,2025-08,538669.6369059018,-0.8569506264236137,-3.1335305184468587,-7.953289252915452,-7.953289252915452
zero_fee_slip5_cap4_risk200,zero_fee_slip5_cap4,4,2.0,2025-09,594890.8306183025,10.437045242671017,-5.2884505939456705,-10.602919977454627,-4.92625966211876
zero_fee_slip5_cap4_risk200,zero_fee_slip5_cap4,4,2.0,2025-10,584732.2290042405,-1.7076413168956694,-5.620638072628969,-9.199277664662597,-6.549778133646522
zero_fee_slip5_cap4_risk200,zero_fee_slip5_cap4,4,2.0,2025-11,668494.5520440993,14.324902730691003,-4.187090957324136,-7.835583069307262,0.0
zero_fee_slip5_cap4_risk200,zero_fee_slip5_cap4,4,2.0,2025-12,641373.5739823173,-4.057023049604879,-19.27124708546566,-19.27124708546566,-16.91881549655164
zero_fee_slip5_cap4_risk200,zero_fee_slip5_cap4,4,2.0,2026-01,607592.1429784979,-5.267044414391608,-9.275816016579707,-21.294738384350897,-21.294738384350897
zero_fee_slip5_cap4_risk200,zero_fee_slip5_cap4,4,2.0,2026-02,612894.1776438912,0.8726305510472931,-8.04537337930431,-25.007056116648485,-20.607932226211044
zero_fee_slip5_cap4_risk200,zero_fee_slip5_cap4,4,2.0,2026-03,568287.0842998647,-7.278106885515967,-8.939384387158322,-26.386171777408684,-26.386171777408684
zero_fee_slip5_cap4_risk200,zero_fee_slip5_cap4,4,2.0,2026-04,510200.9101073351,-10.221272979323892,-12.43045141298581,-33.910442110570315,-33.910442110570315
zero_fee_slip5_cap4_risk200,zero_fee_slip5_cap4,4,2.0,2026-05,576980.8727641106,13.088954044148316,-5.933403301389973,-34.38946751317937,-25.260010250442065
zero_fee_slip5_cap4_risk200,zero_fee_slip5_cap4,4,2.0,2026-06,737936.6771399677,27.896211464476274,-7.292782952201926,-27.14727037754208,-6.468888811685214
zero_fee_slip5_cap4_risk200,zero_fee_slip5_cap4,4,2.0,2026-07,716632.3875526981,-2.887007821570664,-4.672707425483558,-9.169139307293817,-9.169139307293817
zero_fee_slip5_cap4_risk200,zero_fee_slip5_cap4,4,2.0,2026-08,655499.6814518581,-8.530553064955438,-8.65651156044347,-16.917514078040874,-16.917514078040874
zero_fee_slip5_cap6_risk200,zero_fee_slip5_cap6,6,2.0,2021-01,101399.4986268376,1.399498626837592,-2.9260159461456325,-2.9260159461456325,-1.7738869060507034
zero_fee_slip5_cap6_risk200,zero_fee_slip5_cap6,6,2.0,2021-02,104181.85213627534,2.7439519397202794,-7.6071029259461636,-7.6071029259461636,-7.6071029259461636
zero_fee_slip5_cap6_risk200,zero_fee_slip5_cap6,6,2.0,2021-03,106765.1979756712,2.479650521106791,-7.0465544220919885,-8.604997697969186,-5.316081972183717
zero_fee_slip5_cap6_risk200,zero_fee_slip5_cap6,6,2.0,2021-04,102222.39153857253,-4.254950604909524,-5.567504058070572,-9.344835915060322,-9.344835915060322
zero_fee_slip5_cap6_risk200,zero_fee_slip5_cap6,6,2.0,2021-05,116296.01317427172,13.767650535145881,-8.447501977837923,-9.913475963381668,-8.447501977837923
zero_fee_slip5_cap6_risk200,zero_fee_slip5_cap6,6,2.0,2021-06,108536.02645374912,-6.672616290718514,-14.828618489735689,-17.371278895274024,-14.556448875424454
zero_fee_slip5_cap6_risk200,zero_fee_slip5_cap6,6,2.0,2021-07,119958.93911829044,10.524535527757696,-12.4216917390506,-20.221680011940524,-5.56391198114069
zero_fee_slip5_cap6_risk200,zero_fee_slip5_cap6,6,2.0,2021-08,115977.97877108782,-3.3186024955397686,-6.861813820533557,-9.502812510224334,-8.697870354824689
zero_fee_slip5_cap6_risk200,zero_fee_slip5_cap6,6,2.0,2021-09,141060.968804496,21.627372971308525,-7.657732748044454,-9.312274987644898,-7.657732748044454
zero_fee_slip5_cap6_risk200,zero_fee_slip5_cap6,6,2.0,2021-10,132067.43774051254,-6.375633983095685,-9.942288812967659,-13.545137719721168,-13.545137719721168
zero_fee_slip5_cap6_risk200,zero_fee_slip5_cap6,6,2.0,2021-11,126000.09807614752,-4.594122342470364,-10.214245825579816,-19.219195662805333,-17.516979863891436
zero_fee_slip5_cap6_risk200,zero_fee_slip5_cap6,6,2.0,2021-12,128221.58527243652,1.7630837040670144,-13.55726136021561,-27.601992550783383,-16.062735177249397
zero_fee_slip5_cap6_risk200,zero_fee_slip5_cap6,6,2.0,2022-01,149372.05483882455,16.495248847102406,-9.634384342907708,-19.493881725898266,-4.328170458008063
zero_fee_slip5_cap6_risk200,zero_fee_slip5_cap6,6,2.0,2022-02,153052.42264046095,2.4638931328939684,-1.5744797960227874,-4.836475390475825,-1.970918819808909
zero_fee_slip5_cap6_risk200,zero_fee_slip5_cap6,6,2.0,2022-03,142767.5549775458,-6.719833299911604,-8.516102659585446,-9.172632614084852,-8.558309660552766
zero_fee_slip5_cap6_risk200,zero_fee_slip5_cap6,6,2.0,2022-04,143307.33833954067,0.37808545651689673,-10.96244770480207,-14.302260239332654,-8.212581928186102
zero_fee_slip5_cap6_risk200,zero_fee_slip5_cap6,6,2.0,2022-05,136056.01807085983,-5.059978332372728,-5.059978332372728,-12.85700539446426,-12.85700539446426
zero_fee_slip5_cap6_risk200,zero_fee_slip5_cap6,6,2.0,2022-06,166489.7762072338,22.368549784048252,-10.206396268521944,-16.65867786613292,-7.3715512046753755
zero_fee_slip5_cap6_risk200,zero_fee_slip5_cap6,6,2.0,2022-07,172607.7873009264,3.674706779638748,-5.955927019739371,-11.852319525783372,-4.804921031757536
zero_fee_slip5_cap6_risk200,zero_fee_slip5_cap6,6,2.0,2022-08,190784.0065538044,10.530358761386216,-5.506469340987108,-7.44034786737725,-5.506469340987108
zero_fee_slip5_cap6_risk200,zero_fee_slip5_cap6,6,2.0,2022-09,174043.30656313038,-8.774687298514639,-12.515506800643639,-13.79798117364155,-13.79798117364155
zero_fee_slip5_cap6_risk200,zero_fee_slip5_cap6,6,2.0,2022-10,156062.38512412328,-10.331291558451817,-15.252949476318022,-22.70376306786416,-22.70376306786416
zero_fee_slip5_cap6_risk200,zero_fee_slip5_cap6,6,2.0,2022-11,156543.47029091636,0.3082646509666276,-14.319794681078669,-24.65255545110433,-22.465486092874965
zero_fee_slip5_cap6_risk200,zero_fee_slip5_cap6,6,2.0,2022-12,166971.02586453088,6.6611245772412175,-12.849551230264321,-32.42832317850741,-17.30081553116296
zero_fee_slip5_cap6_risk200,zero_fee_slip5_cap6,6,2.0,2023-01,163550.4961589318,-2.0485768042020958,-2.53948709722287,-18.994971841455865,-18.994971841455865
zero_fee_slip5_cap6_risk200,zero_fee_slip5_cap6,6,2.0,2023-02,166283.97827506205,1.6713383207801247,-3.9389372443280224,-19.958439237182734,-17.64110376408339
zero_fee_slip5_cap6_risk200,zero_fee_slip5_cap6,6,2.0,2023-03,173233.82944161745,4.1795073937064275,-17.997833139462916,-31.692431836313983,-14.198907606528255
zero_fee_slip5_cap6_risk200,zero_fee_slip5_cap6,6,2.0,2023-04,185457.1411717065,7.055961165026647,-4.929481972643979,-17.168411983455833,-8.144815848076249
zero_fee_slip5_cap6_risk200,zero_fee_slip5_cap6,6,2.0,2023-05,192310.57563429745,3.6954276439782108,-10.89232269577215,-13.585741631140047,-6.10318085371161
zero_fee_slip5_cap6_risk200,zero_fee_slip5_cap6,6,2.0,2023-06,214475.67115490144,11.525676862802214,-11.851282580691302,-11.851282580691302,-10.07285037778125
zero_fee_slip5_cap6_risk200,zero_fee_slip5_cap6,6,2.0,2023-07,201947.76108255264,-5.841180029832261,-7.851581093004678,-17.133553454997408,-15.32565708291166
zero_fee_slip5_cap6_risk200,zero_fee_slip5_cap6,6,2.0,2023-08,217563.4136292574,7.732520758336792,-13.317476602574141,-24.403909110744582,-10.192114418514231
zero_fee_slip5_cap6_risk200,zero_fee_slip5_cap6,6,2.0,2023-09,223500.2137949885,2.7287677034925517,-8.81581678660659,-13.331770772075945,-8.81581678660659
zero_fee_slip5_cap6_risk200,zero_fee_slip5_cap6,6,2.0,2023-10,228536.9497123654,2.2535709616801514,-5.096899884396356,-8.953597756689359,-6.76091651206433
zero_fee_slip5_cap6_risk200,zero_fee_slip5_cap6,6,2.0,2023-11,212495.628646804,-7.019136767927847,-8.611545519159748,-13.305495303244964,-13.305495303244964
zero_fee_slip5_cap6_risk200,zero_fee_slip5_cap6,6,2.0,2023-12,212495.628646804,0.0,0.0,-13.305495303244964,-13.305495303244964
zero_fee_slip5_cap6_risk200,zero_fee_slip5_cap6,6,2.0,2024-01,249781.59908087048,17.546699982257397,-11.975843428790888,-14.079072957241234,-8.571804807344108
zero_fee_slip5_cap6_risk200,zero_fee_slip5_cap6,6,2.0,2024-02,277846.7432748007,11.235873377863893,-12.346455389801248,-15.511467783198874,-2.716891972016533
zero_fee_slip5_cap6_risk200,zero_fee_slip5_cap6,6,2.0,2024-03,273767.7609930799,-1.4680691353961772,-3.0959190797671843,-4.771392078487846,-4.145075254929475
zero_fee_slip5_cap6_risk200,zero_fee_slip5_cap6,6,2.0,2024-04,286287.3117947382,4.5730551896411065,-10.484657744203151,-10.484657744203151,-9.076651236155941
zero_fee_slip5_cap6_risk200,zero_fee_slip5_cap6,6,2.0,2024-05,253550.9313926694,-11.434799606326983,-17.24189249336706,-19.473553962663292,-19.473553962663292
zero_fee_slip5_cap6_risk200,zero_fee_slip5_cap6,6,2.0,2024-06,255244.9598739843,0.6681215769984261,-6.261191871856687,-24.515469256648082,-18.93553940149785
zero_fee_slip5_cap6_risk200,zero_fee_slip5_cap6,6,2.0,2024-07,350980.270485357,37.50722860840725,-6.504711617346482,-19.70122927795276,-4.687303584498248
zero_fee_slip5_cap6_risk200,zero_fee_slip5_cap6,6,2.0,2024-08,345538.5274964075,-1.5504412773470921,-9.392716756224528,-11.863344377847685,-6.165070972276709
zero_fee_slip5_cap6_risk200,zero_fee_slip5_cap6,6,2.0,2024-09,350185.2022115097,1.344763129243387,-6.017381996760463,-6.4254304209685476,-5.363345758180282
zero_fee_slip5_cap6_risk200,zero_fee_slip5_cap6,6,2.0,2024-10,371293.8945955653,6.027865326903803,-6.467693648961492,-6.467693648961492,-5.351029023491249
zero_fee_slip5_cap6_risk200,zero_fee_slip5_cap6,6,2.0,2024-11,371293.8945955653,0.0,0.0,-6.467693648961492,-5.351029023491249
zero_fee_slip5_cap6_risk200,zero_fee_slip5_cap6,6,2.0,2024-12,356191.01437626284,-4.0676349487926196,-5.00243140397475,-9.201003645604299,-9.201003645604299
zero_fee_slip5_cap6_risk200,zero_fee_slip5_cap6,6,2.0,2025-01,433019.2775263698,21.569399577539407,-7.863880385159161,-11.342497173714927,-5.7889332474341915
zero_fee_slip5_cap6_risk200,zero_fee_slip5_cap6,6,2.0,2025-02,462327.4523115993,6.768330258332367,-11.909623101003575,-11.909623101003575,-3.828245989038981
zero_fee_slip5_cap6_risk200,zero_fee_slip5_cap6,6,2.0,2025-03,534927.6007090154,15.70318786704561,-8.674184051849842,-8.674184051849842,-3.1217767810946873
zero_fee_slip5_cap6_risk200,zero_fee_slip5_cap6,6,2.0,2025-04,565449.3781881182,5.705777275027124,-5.508836007665652,-5.508836007665652,-2.0230671040459725
zero_fee_slip5_cap6_risk200,zero_fee_slip5_cap6,6,2.0,2025-05,576655.2398359274,1.9817621311595257,-2.5865862673872697,-3.5679676380636516,-1.511199753364123
zero_fee_slip5_cap6_risk200,zero_fee_slip5_cap6,6,2.0,2025-06,643043.365316275,11.512619827964588,-10.057774566710387,-10.057774566710387,-7.251741165768855
zero_fee_slip5_cap6_risk200,zero_fee_slip5_cap6,6,2.0,2025-07,654343.1924899286,1.7572418569462789,-8.77266581328595,-14.098116473014944,-7.157676379059563
zero_fee_slip5_cap6_risk200,zero_fee_slip5_cap6,6,2.0,2025-08,648735.7944029258,-0.8569506264236249,-3.133530518446881,-7.953289252915463,-7.953289252915463
zero_fee_slip5_cap6_risk200,zero_fee_slip5_cap6,6,2.0,2025-09,716444.6427701602,10.437045242670994,-5.288450593945637,-10.602919977454627,-4.926259662118737
zero_fee_slip5_cap6_risk200,zero_fee_slip5_cap6,6,2.0,2025-10,704210.338037531,-1.707641316895725,-5.620638072629003,-9.199277664662608,-6.549778133646555
zero_fee_slip5_cap6_risk200,zero_fee_slip5_cap6,6,2.0,2025-11,814931.2471396152,15.722704300342617,-6.535642286543886,-8.516321597778065,0.0
zero_fee_slip5_cap6_risk200,zero_fee_slip5_cap6,6,2.0,2025-12,762112.6287852171,-6.481358831163975,-23.599266853161804,-23.599266853161804,-21.3729535313013
zero_fee_slip5_cap6_risk200,zero_fee_slip5_cap6,6,2.0,2026-01,706501.380458261,-7.296985540785306,-11.219857043147519,-27.110357743268775,-27.110357743268775
zero_fee_slip5_cap6_risk200,zero_fee_slip5_cap6,6,2.0,2026-02,695126.1781389165,-1.610075030846525,-11.091403077011087,-32.431958029346134,-28.28393567331777
zero_fee_slip5_cap6_risk200,zero_fee_slip5_cap6,6,2.0,2026-03,633857.5461752404,-8.814030299896425,-12.187304432396594,-34.60501131296475,-34.60501131296475
zero_fee_slip5_cap6_risk200,zero_fee_slip5_cap6,6,2.0,2026-04,569069.2360806252,-10.221272979323881,-12.430451412985777,-41.289211621464595,-41.289211621464595
zero_fee_slip5_cap6_risk200,zero_fee_slip5_cap6,6,2.0,2026-05,629843.6808078791,10.679622245234732,-8.668536972421192,-41.71475477742843,-35.019121205437834
zero_fee_slip5_cap6_risk200,zero_fee_slip5_cap6,6,2.0,2026-06,844722.4604040371,34.116207901068464,-8.336096267667436,-36.13094901024536,-12.850109499943684
zero_fee_slip5_cap6_risk200,zero_fee_slip5_cap6,6,2.0,2026-07,820330.8234242742,-2.887532665829229,-4.6732226189820985,-15.366591056367218,-15.366591056367218
zero_fee_slip5_cap6_risk200,zero_fee_slip5_cap6,6,2.0,2026-08,750337.4363115532,-8.532336603000045,-8.658292642457388,-22.58779838603151,-22.58779838603151
